Fitter report for Omdazz_Cyclon_IV_RZ401_top
Wed Feb 26 22:00:05 2025
Quartus Prime Version 22.1std.0 Build 915 10/25/2022 SC Standard Edition


---------------------
; Table of Contents ;
---------------------
  1. Legal Notice
  2. Fitter Summary
  3. Fitter Settings
  4. Parallel Compilation
  5. Ignored Assignments
  6. Incremental Compilation Preservation Summary
  7. Incremental Compilation Partition Settings
  8. Incremental Compilation Placement Preservation
  9. Pin-Out File
 10. Fitter Resource Usage Summary
 11. Fitter Partition Statistics
 12. Input Pins
 13. Output Pins
 14. Bidir Pins
 15. Dual Purpose and Dedicated Pins
 16. I/O Bank Usage
 17. All Package Pins
 18. I/O Assignment Warnings
 19. Fitter Resource Utilization by Entity
 20. Delay Chain Summary
 21. Pad To Core Delay Chain Fanout
 22. Control Signals
 23. Global & Other Fast Signals
 24. Routing Usage Summary
 25. LAB Logic Elements
 26. LAB-wide Signals
 27. LAB Signals Sourced
 28. LAB Signals Sourced Out
 29. LAB Distinct Inputs
 30. I/O Rules Summary
 31. I/O Rules Details
 32. I/O Rules Matrix
 33. Fitter Device Options
 34. Operating Settings and Conditions
 35. Fitter Messages
 36. Fitter Suppressed Messages



----------------
; Legal Notice ;
----------------
Copyright (C) 2022  Intel Corporation. All rights reserved.
Your use of Intel Corporation's design tools, logic functions 
and other software and tools, and any partner logic 
functions, and any output files from any of the foregoing 
(including device programming or simulation files), and any 
associated documentation or information are expressly subject 
to the terms and conditions of the Intel Program License 
Subscription Agreement, the Intel Quartus Prime License Agreement,
the Intel FPGA IP License Agreement, or other applicable license
agreement, including, without limitation, that your use is for
the sole purpose of programming logic devices manufactured by
Intel and sold by Intel or its authorized distributors.  Please
refer to the applicable agreement for further details, at
https://fpgasoftware.intel.com/eula.



+-----------------------------------------------------------------------------------------+
; Fitter Summary                                                                          ;
+------------------------------------+----------------------------------------------------+
; Fitter Status                      ; Successful - Wed Feb 26 22:00:05 2025              ;
; Quartus Prime Version              ; 22.1std.0 Build 915 10/25/2022 SC Standard Edition ;
; Revision Name                      ; Omdazz_Cyclon_IV_RZ401_top                         ;
; Top-level Entity Name              ; Omdazz_Cyclon_IV_RZ401_top                         ;
; Family                             ; Cyclone IV E                                       ;
; Device                             ; EP4CE10E22C8                                       ;
; Timing Models                      ; Final                                              ;
; Total logic elements               ; 294 / 10,320 ( 3 % )                               ;
;     Total combinational functions  ; 282 / 10,320 ( 3 % )                               ;
;     Dedicated logic registers      ; 207 / 10,320 ( 2 % )                               ;
; Total registers                    ; 207                                                ;
; Total pins                         ; 43 / 92 ( 47 % )                                   ;
; Total virtual pins                 ; 0                                                  ;
; Total memory bits                  ; 0 / 423,936 ( 0 % )                                ;
; Embedded Multiplier 9-bit elements ; 0 / 46 ( 0 % )                                     ;
; Total PLLs                         ; 0 / 2 ( 0 % )                                      ;
+------------------------------------+----------------------------------------------------+


+----------------------------------------------------------------------------------------------------------------------------------------------------+
; Fitter Settings                                                                                                                                    ;
+--------------------------------------------------------------------+---------------------------------------+---------------------------------------+
; Option                                                             ; Setting                               ; Default Value                         ;
+--------------------------------------------------------------------+---------------------------------------+---------------------------------------+
; Device                                                             ; EP4CE10E22C8                          ;                                       ;
; Nominal Core Supply Voltage                                        ; 1.2V                                  ;                                       ;
; Minimum Core Junction Temperature                                  ; 0                                     ;                                       ;
; Maximum Core Junction Temperature                                  ; 85                                    ;                                       ;
; Fit Attempts to Skip                                               ; 0                                     ; 0.0                                   ;
; Use smart compilation                                              ; Off                                   ; Off                                   ;
; Enable parallel Assembler and Timing Analyzer during compilation   ; On                                    ; On                                    ;
; Enable compact report table                                        ; Off                                   ; Off                                   ;
; Auto Merge PLLs                                                    ; On                                    ; On                                    ;
; Router Timing Optimization Level                                   ; Normal                                ; Normal                                ;
; Perform Clocking Topology Analysis During Routing                  ; Off                                   ; Off                                   ;
; Placement Effort Multiplier                                        ; 1.0                                   ; 1.0                                   ;
; Router Effort Multiplier                                           ; 1.0                                   ; 1.0                                   ;
; Optimize Hold Timing                                               ; All Paths                             ; All Paths                             ;
; Optimize Multi-Corner Timing                                       ; On                                    ; On                                    ;
; Power Optimization During Fitting                                  ; Normal compilation                    ; Normal compilation                    ;
; SSN Optimization                                                   ; Off                                   ; Off                                   ;
; Optimize Timing                                                    ; Normal compilation                    ; Normal compilation                    ;
; Optimize Timing for ECOs                                           ; Off                                   ; Off                                   ;
; Regenerate Full Fit Report During ECO Compiles                     ; Off                                   ; Off                                   ;
; Optimize IOC Register Placement for Timing                         ; Normal                                ; Normal                                ;
; Limit to One Fitting Attempt                                       ; Off                                   ; Off                                   ;
; Final Placement Optimizations                                      ; Automatically                         ; Automatically                         ;
; Fitter Aggressive Routability Optimizations                        ; Automatically                         ; Automatically                         ;
; Fitter Initial Placement Seed                                      ; 1                                     ; 1                                     ;
; Periphery to Core Placement and Routing Optimization               ; Off                                   ; Off                                   ;
; PCI I/O                                                            ; Off                                   ; Off                                   ;
; Weak Pull-Up Resistor                                              ; Off                                   ; Off                                   ;
; Enable Bus-Hold Circuitry                                          ; Off                                   ; Off                                   ;
; Auto Packed Registers                                              ; Auto                                  ; Auto                                  ;
; Auto Delay Chains                                                  ; On                                    ; On                                    ;
; Auto Delay Chains for High Fanout Input Pins                       ; Off                                   ; Off                                   ;
; Allow Single-ended Buffer for Differential-XSTL Input              ; Off                                   ; Off                                   ;
; Treat Bidirectional Pin as Output Pin                              ; Off                                   ; Off                                   ;
; Perform Physical Synthesis for Combinational Logic for Fitting     ; Off                                   ; Off                                   ;
; Perform Physical Synthesis for Combinational Logic for Performance ; Off                                   ; Off                                   ;
; Perform Register Duplication for Performance                       ; Off                                   ; Off                                   ;
; Perform Logic to Memory Mapping for Fitting                        ; Off                                   ; Off                                   ;
; Perform Register Retiming for Performance                          ; Off                                   ; Off                                   ;
; Perform Asynchronous Signal Pipelining                             ; Off                                   ; Off                                   ;
; Fitter Effort                                                      ; Auto Fit                              ; Auto Fit                              ;
; Physical Synthesis Effort Level                                    ; Normal                                ; Normal                                ;
; Logic Cell Insertion - Logic Duplication                           ; Auto                                  ; Auto                                  ;
; Auto Register Duplication                                          ; Auto                                  ; Auto                                  ;
; Auto Global Clock                                                  ; On                                    ; On                                    ;
; Auto Global Register Control Signals                               ; On                                    ; On                                    ;
; Reserve all unused pins                                            ; As input tri-stated with weak pull-up ; As input tri-stated with weak pull-up ;
; Synchronizer Identification                                        ; Auto                                  ; Auto                                  ;
; Enable Beneficial Skew Optimization                                ; On                                    ; On                                    ;
; Optimize Design for Metastability                                  ; On                                    ; On                                    ;
; Force Fitter to Avoid Periphery Placement Warnings                 ; Off                                   ; Off                                   ;
; Enable input tri-state on active configuration pins in user mode   ; Off                                   ; Off                                   ;
+--------------------------------------------------------------------+---------------------------------------+---------------------------------------+


+------------------------------------------+
; Parallel Compilation                     ;
+----------------------------+-------------+
; Processors                 ; Number      ;
+----------------------------+-------------+
; Number detected on machine ; 16          ;
; Maximum allowed            ; 16          ;
;                            ;             ;
; Average used               ; 1.13        ;
; Maximum used               ; 16          ;
;                            ;             ;
; Usage by Processor         ; % Time Used ;
;     Processor 1            ; 100.0%      ;
;     Processors 2-16        ;   0.9%      ;
+----------------------------+-------------+


+--------------------------------------------------------------------------------------------------------+
; Ignored Assignments                                                                                    ;
+--------------+----------------------------+--------------+------------+---------------+----------------+
; Name         ; Ignored Entity             ; Ignored From ; Ignored To ; Ignored Value ; Ignored Source ;
+--------------+----------------------------+--------------+------------+---------------+----------------+
; I/O Standard ; Omdazz_Cyclon_IV_RZ401_top ;              ; SD_BS0     ; 3.3-V LVCMOS  ; QSF Assignment ;
; I/O Standard ; Omdazz_Cyclon_IV_RZ401_top ;              ; SD_BS1     ; 3.3-V LVCMOS  ; QSF Assignment ;
; I/O Standard ; Omdazz_Cyclon_IV_RZ401_top ;              ; SD_CAS     ; 3.3-V LVCMOS  ; QSF Assignment ;
; I/O Standard ; Omdazz_Cyclon_IV_RZ401_top ;              ; SD_CKE     ; 3.3-V LVCMOS  ; QSF Assignment ;
; I/O Standard ; Omdazz_Cyclon_IV_RZ401_top ;              ; SD_CLK     ; 3.3-V LVCMOS  ; QSF Assignment ;
; I/O Standard ; Omdazz_Cyclon_IV_RZ401_top ;              ; SD_CS      ; 3.3-V LVCMOS  ; QSF Assignment ;
; I/O Standard ; Omdazz_Cyclon_IV_RZ401_top ;              ; SD_LDQM    ; 3.3-V LVCMOS  ; QSF Assignment ;
; I/O Standard ; Omdazz_Cyclon_IV_RZ401_top ;              ; SD_RAS     ; 3.3-V LVCMOS  ; QSF Assignment ;
; I/O Standard ; Omdazz_Cyclon_IV_RZ401_top ;              ; SD_UDQM    ; 3.3-V LVCMOS  ; QSF Assignment ;
; I/O Standard ; Omdazz_Cyclon_IV_RZ401_top ;              ; SD_WE      ; 3.3-V LVCMOS  ; QSF Assignment ;
; I/O Standard ; Omdazz_Cyclon_IV_RZ401_top ;              ; S_A0       ; 3.3-V LVCMOS  ; QSF Assignment ;
; I/O Standard ; Omdazz_Cyclon_IV_RZ401_top ;              ; S_A1       ; 3.3-V LVCMOS  ; QSF Assignment ;
; I/O Standard ; Omdazz_Cyclon_IV_RZ401_top ;              ; S_A10      ; 3.3-V LVCMOS  ; QSF Assignment ;
; I/O Standard ; Omdazz_Cyclon_IV_RZ401_top ;              ; S_A11      ; 3.3-V LVCMOS  ; QSF Assignment ;
; I/O Standard ; Omdazz_Cyclon_IV_RZ401_top ;              ; S_A2       ; 3.3-V LVCMOS  ; QSF Assignment ;
; I/O Standard ; Omdazz_Cyclon_IV_RZ401_top ;              ; S_A3       ; 3.3-V LVCMOS  ; QSF Assignment ;
; I/O Standard ; Omdazz_Cyclon_IV_RZ401_top ;              ; S_A4       ; 3.3-V LVCMOS  ; QSF Assignment ;
; I/O Standard ; Omdazz_Cyclon_IV_RZ401_top ;              ; S_A5       ; 3.3-V LVCMOS  ; QSF Assignment ;
; I/O Standard ; Omdazz_Cyclon_IV_RZ401_top ;              ; S_A6       ; 3.3-V LVCMOS  ; QSF Assignment ;
; I/O Standard ; Omdazz_Cyclon_IV_RZ401_top ;              ; S_A7       ; 3.3-V LVCMOS  ; QSF Assignment ;
; I/O Standard ; Omdazz_Cyclon_IV_RZ401_top ;              ; S_A8       ; 3.3-V LVCMOS  ; QSF Assignment ;
; I/O Standard ; Omdazz_Cyclon_IV_RZ401_top ;              ; S_A9       ; 3.3-V LVCMOS  ; QSF Assignment ;
; I/O Standard ; Omdazz_Cyclon_IV_RZ401_top ;              ; S_DQ0      ; 3.3-V LVCMOS  ; QSF Assignment ;
; I/O Standard ; Omdazz_Cyclon_IV_RZ401_top ;              ; S_DQ1      ; 3.3-V LVCMOS  ; QSF Assignment ;
; I/O Standard ; Omdazz_Cyclon_IV_RZ401_top ;              ; S_DQ10     ; 3.3-V LVCMOS  ; QSF Assignment ;
; I/O Standard ; Omdazz_Cyclon_IV_RZ401_top ;              ; S_DQ11     ; 3.3-V LVCMOS  ; QSF Assignment ;
; I/O Standard ; Omdazz_Cyclon_IV_RZ401_top ;              ; S_DQ12     ; 3.3-V LVCMOS  ; QSF Assignment ;
; I/O Standard ; Omdazz_Cyclon_IV_RZ401_top ;              ; S_DQ13     ; 3.3-V LVCMOS  ; QSF Assignment ;
; I/O Standard ; Omdazz_Cyclon_IV_RZ401_top ;              ; S_DQ14     ; 3.3-V LVCMOS  ; QSF Assignment ;
; I/O Standard ; Omdazz_Cyclon_IV_RZ401_top ;              ; S_DQ15     ; 3.3-V LVCMOS  ; QSF Assignment ;
; I/O Standard ; Omdazz_Cyclon_IV_RZ401_top ;              ; S_DQ2      ; 3.3-V LVCMOS  ; QSF Assignment ;
; I/O Standard ; Omdazz_Cyclon_IV_RZ401_top ;              ; S_DQ3      ; 3.3-V LVCMOS  ; QSF Assignment ;
; I/O Standard ; Omdazz_Cyclon_IV_RZ401_top ;              ; S_DQ4      ; 3.3-V LVCMOS  ; QSF Assignment ;
; I/O Standard ; Omdazz_Cyclon_IV_RZ401_top ;              ; S_DQ5      ; 3.3-V LVCMOS  ; QSF Assignment ;
; I/O Standard ; Omdazz_Cyclon_IV_RZ401_top ;              ; S_DQ6      ; 3.3-V LVCMOS  ; QSF Assignment ;
; I/O Standard ; Omdazz_Cyclon_IV_RZ401_top ;              ; S_DQ7      ; 3.3-V LVCMOS  ; QSF Assignment ;
; I/O Standard ; Omdazz_Cyclon_IV_RZ401_top ;              ; S_DQ8      ; 3.3-V LVCMOS  ; QSF Assignment ;
; I/O Standard ; Omdazz_Cyclon_IV_RZ401_top ;              ; S_DQ9      ; 3.3-V LVCMOS  ; QSF Assignment ;
; I/O Standard ; Omdazz_Cyclon_IV_RZ401_top ;              ; VGA_B      ; 3.3-V LVCMOS  ; QSF Assignment ;
; I/O Standard ; Omdazz_Cyclon_IV_RZ401_top ;              ; VGA_G      ; 3.3-V LVCMOS  ; QSF Assignment ;
; I/O Standard ; Omdazz_Cyclon_IV_RZ401_top ;              ; VGA_HSYNC  ; 3.3-V LVCMOS  ; QSF Assignment ;
; I/O Standard ; Omdazz_Cyclon_IV_RZ401_top ;              ; VGA_R      ; 3.3-V LVCMOS  ; QSF Assignment ;
; I/O Standard ; Omdazz_Cyclon_IV_RZ401_top ;              ; VGA_VSYNC  ; 3.3-V LVCMOS  ; QSF Assignment ;
+--------------+----------------------------+--------------+------------+---------------+----------------+


+--------------------------------------------------------------------------------------------------+
; Incremental Compilation Preservation Summary                                                     ;
+---------------------+--------------------+----------------------------+--------------------------+
; Type                ; Total [A + B]      ; From Design Partitions [A] ; From Rapid Recompile [B] ;
+---------------------+--------------------+----------------------------+--------------------------+
; Placement (by node) ;                    ;                            ;                          ;
;     -- Requested    ; 0.00 % ( 0 / 589 ) ; 0.00 % ( 0 / 589 )         ; 0.00 % ( 0 / 589 )       ;
;     -- Achieved     ; 0.00 % ( 0 / 589 ) ; 0.00 % ( 0 / 589 )         ; 0.00 % ( 0 / 589 )       ;
;                     ;                    ;                            ;                          ;
; Routing (by net)    ;                    ;                            ;                          ;
;     -- Requested    ; 0.00 % ( 0 / 0 )   ; 0.00 % ( 0 / 0 )           ; 0.00 % ( 0 / 0 )         ;
;     -- Achieved     ; 0.00 % ( 0 / 0 )   ; 0.00 % ( 0 / 0 )           ; 0.00 % ( 0 / 0 )         ;
+---------------------+--------------------+----------------------------+--------------------------+


+----------------------------------------------------------------------------------------------------------------------------------------------------------------------------------------+
; Incremental Compilation Partition Settings                                                                                                                                             ;
+--------------------------------+----------------+-------------------+-------------------------+------------------------+------------------------------+--------------------------------+
; Partition Name                 ; Partition Type ; Netlist Type Used ; Preservation Level Used ; Netlist Type Requested ; Preservation Level Requested ; Contents                       ;
+--------------------------------+----------------+-------------------+-------------------------+------------------------+------------------------------+--------------------------------+
; Top                            ; User-created   ; Source File       ; N/A                     ; Source File            ; N/A                          ;                                ;
; hard_block:auto_generated_inst ; Auto-generated ; Source File       ; N/A                     ; Source File            ; N/A                          ; hard_block:auto_generated_inst ;
+--------------------------------+----------------+-------------------+-------------------------+------------------------+------------------------------+--------------------------------+


+------------------------------------------------------------------------------------------------------------------------------------+
; Incremental Compilation Placement Preservation                                                                                     ;
+--------------------------------+-----------------------+-------------------------+-------------------+---------------------+-------+
; Partition Name                 ; Preservation Achieved ; Preservation Level Used ; Netlist Type Used ; Preservation Method ; Notes ;
+--------------------------------+-----------------------+-------------------------+-------------------+---------------------+-------+
; Top                            ; 0.00 % ( 0 / 579 )    ; N/A                     ; Source File       ; N/A                 ;       ;
; hard_block:auto_generated_inst ; 0.00 % ( 0 / 10 )     ; N/A                     ; Source File       ; N/A                 ;       ;
+--------------------------------+-----------------------+-------------------------+-------------------+---------------------+-------+


+--------------+
; Pin-Out File ;
+--------------+
The pin-out file can be found in F:/Git/Wersall/classroom/Wersall_Lione/Project_4/output_files/Omdazz_Cyclon_IV_RZ401_top.pin.


+--------------------------------------------------------------------+
; Fitter Resource Usage Summary                                      ;
+---------------------------------------------+----------------------+
; Resource                                    ; Usage                ;
+---------------------------------------------+----------------------+
; Total logic elements                        ; 294 / 10,320 ( 3 % ) ;
;     -- Combinational with no register       ; 87                   ;
;     -- Register only                        ; 12                   ;
;     -- Combinational with a register        ; 195                  ;
;                                             ;                      ;
; Logic element usage by number of LUT inputs ;                      ;
;     -- 4 input functions                    ; 69                   ;
;     -- 3 input functions                    ; 18                   ;
;     -- <=2 input functions                  ; 195                  ;
;     -- Register only                        ; 12                   ;
;                                             ;                      ;
; Logic elements by mode                      ;                      ;
;     -- normal mode                          ; 103                  ;
;     -- arithmetic mode                      ; 179                  ;
;                                             ;                      ;
; Total registers*                            ; 207 / 10,732 ( 2 % ) ;
;     -- Dedicated logic registers            ; 207 / 10,320 ( 2 % ) ;
;     -- I/O registers                        ; 0 / 412 ( 0 % )      ;
;                                             ;                      ;
; Total LABs:  partially or completely used   ; 29 / 645 ( 4 % )     ;
; Virtual pins                                ; 0                    ;
; I/O pins                                    ; 43 / 92 ( 47 % )     ;
;     -- Clock pins                           ; 4 / 3 ( 133 % )      ;
;     -- Dedicated input pins                 ; 0 / 9 ( 0 % )        ;
;                                             ;                      ;
; M9Ks                                        ; 0 / 46 ( 0 % )       ;
; Total block memory bits                     ; 0 / 423,936 ( 0 % )  ;
; Total block memory implementation bits      ; 0 / 423,936 ( 0 % )  ;
; Embedded Multiplier 9-bit elements          ; 0 / 46 ( 0 % )       ;
; PLLs                                        ; 0 / 2 ( 0 % )        ;
; Global signals                              ; 1                    ;
;     -- Global clocks                        ; 1 / 10 ( 10 % )      ;
; JTAGs                                       ; 0 / 1 ( 0 % )        ;
; CRC blocks                                  ; 0 / 1 ( 0 % )        ;
; ASMI blocks                                 ; 0 / 1 ( 0 % )        ;
; Oscillator blocks                           ; 0 / 1 ( 0 % )        ;
; Impedance control blocks                    ; 0 / 4 ( 0 % )        ;
; Average interconnect usage (total/H/V)      ; 0.3% / 0.2% / 0.4%   ;
; Peak interconnect usage (total/H/V)         ; 1.0% / 0.8% / 1.4%   ;
; Maximum fan-out                             ; 207                  ;
; Highest non-global fan-out                  ; 30                   ;
; Total fan-out                               ; 1504                 ;
; Average fan-out                             ; 2.50                 ;
+---------------------------------------------+----------------------+
*  Register count does not include registers inside RAM blocks or DSP blocks.



+----------------------------------------------------------------------------------------------------+
; Fitter Partition Statistics                                                                        ;
+---------------------------------------------+---------------------+--------------------------------+
; Statistic                                   ; Top                 ; hard_block:auto_generated_inst ;
+---------------------------------------------+---------------------+--------------------------------+
; Difficulty Clustering Region                ; Low                 ; Low                            ;
;                                             ;                     ;                                ;
; Total logic elements                        ; 294 / 10320 ( 3 % ) ; 0 / 10320 ( 0 % )              ;
;     -- Combinational with no register       ; 87                  ; 0                              ;
;     -- Register only                        ; 12                  ; 0                              ;
;     -- Combinational with a register        ; 195                 ; 0                              ;
;                                             ;                     ;                                ;
; Logic element usage by number of LUT inputs ;                     ;                                ;
;     -- 4 input functions                    ; 69                  ; 0                              ;
;     -- 3 input functions                    ; 18                  ; 0                              ;
;     -- <=2 input functions                  ; 195                 ; 0                              ;
;     -- Register only                        ; 12                  ; 0                              ;
;                                             ;                     ;                                ;
; Logic elements by mode                      ;                     ;                                ;
;     -- normal mode                          ; 103                 ; 0                              ;
;     -- arithmetic mode                      ; 179                 ; 0                              ;
;                                             ;                     ;                                ;
; Total registers                             ; 207                 ; 0                              ;
;     -- Dedicated logic registers            ; 207 / 10320 ( 2 % ) ; 0 / 10320 ( 0 % )              ;
;     -- I/O registers                        ; 0                   ; 0                              ;
;                                             ;                     ;                                ;
; Total LABs:  partially or completely used   ; 29 / 645 ( 4 % )    ; 0 / 645 ( 0 % )                ;
;                                             ;                     ;                                ;
; Virtual pins                                ; 0                   ; 0                              ;
; I/O pins                                    ; 43                  ; 0                              ;
; Embedded Multiplier 9-bit elements          ; 0 / 46 ( 0 % )      ; 0 / 46 ( 0 % )                 ;
; Total memory bits                           ; 0                   ; 0                              ;
; Total RAM block bits                        ; 0                   ; 0                              ;
; Clock control block                         ; 1 / 12 ( 8 % )      ; 0 / 12 ( 0 % )                 ;
;                                             ;                     ;                                ;
; Connections                                 ;                     ;                                ;
;     -- Input Connections                    ; 4                   ; 0                              ;
;     -- Registered Input Connections         ; 0                   ; 0                              ;
;     -- Output Connections                   ; 4                   ; 0                              ;
;     -- Registered Output Connections        ; 0                   ; 0                              ;
;                                             ;                     ;                                ;
; Internal Connections                        ;                     ;                                ;
;     -- Total Connections                    ; 1499                ; 5                              ;
;     -- Registered Connections               ; 543                 ; 0                              ;
;                                             ;                     ;                                ;
; External Connections                        ;                     ;                                ;
;     -- Top                                  ; 8                   ; 0                              ;
;     -- hard_block:auto_generated_inst       ; 0                   ; 0                              ;
;                                             ;                     ;                                ;
; Partition Interface                         ;                     ;                                ;
;     -- Input Ports                          ; 7                   ; 0                              ;
;     -- Output Ports                         ; 32                  ; 0                              ;
;     -- Bidir Ports                          ; 4                   ; 0                              ;
;                                             ;                     ;                                ;
; Registered Ports                            ;                     ;                                ;
;     -- Registered Input Ports               ; 0                   ; 0                              ;
;     -- Registered Output Ports              ; 0                   ; 0                              ;
;                                             ;                     ;                                ;
; Port Connectivity                           ;                     ;                                ;
;     -- Input Ports driven by GND            ; 0                   ; 0                              ;
;     -- Output Ports driven by GND           ; 0                   ; 0                              ;
;     -- Input Ports driven by VCC            ; 0                   ; 0                              ;
;     -- Output Ports driven by VCC           ; 0                   ; 0                              ;
;     -- Input Ports with no Source           ; 0                   ; 0                              ;
;     -- Output Ports with no Source          ; 0                   ; 0                              ;
;     -- Input Ports with no Fanout           ; 0                   ; 0                              ;
;     -- Output Ports with no Fanout          ; 0                   ; 0                              ;
+---------------------------------------------+---------------------+--------------------------------+


+--------------------------------------------------------------------------------------------------------------------------------------------------------------------------------------------------------------------------------------------------------------------------------------------+
; Input Pins                                                                                                                                                                                                                                                                                 ;
+-----------+-------+----------+--------------+--------------+--------------+-----------------------+--------------------+--------+----------------+---------------+-----------------+----------+--------------+--------------+---------------------------+----------------------+-----------+
; Name      ; Pin # ; I/O Bank ; X coordinate ; Y coordinate ; Z coordinate ; Combinational Fan-Out ; Registered Fan-Out ; Global ; Input Register ; Power Up High ; PCI I/O Enabled ; Bus Hold ; Weak Pull Up ; I/O Standard ; Termination Control Block ; Location assigned by ; Slew Rate ;
+-----------+-------+----------+--------------+--------------+--------------+-----------------------+--------------------+--------+----------------+---------------+-----------------+----------+--------------+--------------+---------------------------+----------------------+-----------+
; FPGA_CLK  ; 23    ; 1        ; 0            ; 11           ; 7            ; 207                   ; 0                  ; yes    ; no             ; no            ; yes             ; no       ; Off          ; 3.3-V LVCMOS ; --                        ; User                 ; no        ;
; KEY1      ; 88    ; 5        ; 34           ; 12           ; 21           ; 1                     ; 0                  ; no     ; no             ; no            ; yes             ; no       ; Off          ; 3.3-V LVCMOS ; --                        ; User                 ; no        ;
; KEY2      ; 89    ; 5        ; 34           ; 12           ; 14           ; 1                     ; 0                  ; no     ; no             ; no            ; yes             ; no       ; Off          ; 3.3-V LVCMOS ; --                        ; User                 ; no        ;
; KEY3      ; 90    ; 6        ; 34           ; 12           ; 7            ; 1                     ; 0                  ; no     ; no             ; no            ; yes             ; no       ; Off          ; 3.3-V LVCMOS ; --                        ; User                 ; no        ;
; KEY4      ; 91    ; 6        ; 34           ; 12           ; 0            ; 1                     ; 0                  ; no     ; no             ; no            ; yes             ; no       ; Off          ; 3.3-V LVCMOS ; --                        ; User                 ; no        ;
; RESET_BUT ; 25    ; 2        ; 0            ; 11           ; 21           ; 0                     ; 0                  ; no     ; no             ; no            ; yes             ; no       ; Off          ; 3.3-V LVCMOS ; --                        ; User                 ; no        ;
; UART_RXD  ; 114   ; 7        ; 28           ; 24           ; 14           ; 0                     ; 0                  ; no     ; no             ; no            ; yes             ; no       ; Off          ; 3.3-V LVCMOS ; --                        ; User                 ; no        ;
+-----------+-------+----------+--------------+--------------+--------------+-----------------------+--------------------+--------+----------------+---------------+-----------------+----------+--------------+--------------+---------------------------+----------------------+-----------+


+-------------------------------------------------------------------------------------------------------------------------------------------------------------------------------------------------------------------------------------------------------------------------------------------------------------------------------------------------------------------------------------------------------------------------------------+
; Output Pins                                                                                                                                                                                                                                                                                                                                                                                                                         ;
+----------+-------+----------+--------------+--------------+--------------+-----------------+------------------------+---------------+-----------+-----------------+------------+---------------+----------+--------------+--------------+------------------+-------------+---------------------------+----------------------------+-----------------------------+----------------------+----------------------+---------------------+
; Name     ; Pin # ; I/O Bank ; X coordinate ; Y coordinate ; Z coordinate ; Output Register ; Output Enable Register ; Power Up High ; Slew Rate ; PCI I/O Enabled ; Open Drain ; TRI Primitive ; Bus Hold ; Weak Pull Up ; I/O Standard ; Current Strength ; Termination ; Termination Control Block ; Output Buffer Pre-emphasis ; Voltage Output Differential ; Location assigned by ; Output Enable Source ; Output Enable Group ;
+----------+-------+----------+--------------+--------------+--------------+-----------------+------------------------+---------------+-----------+-----------------+------------+---------------+----------+--------------+--------------+------------------+-------------+---------------------------+----------------------------+-----------------------------+----------------------+----------------------+---------------------+
; DIG_1    ; 133   ; 8        ; 13           ; 24           ; 21           ; no              ; no                     ; no            ; 2         ; no              ; no         ; no            ; no       ; Off          ; 3.3-V LVCMOS ; 2mA              ; Off         ; --                        ; no                         ; no                          ; User                 ; -                    ; -                   ;
; DIG_2    ; 135   ; 8        ; 11           ; 24           ; 14           ; no              ; no                     ; no            ; 2         ; no              ; no         ; no            ; no       ; Off          ; 3.3-V LVCMOS ; 2mA              ; Off         ; --                        ; no                         ; no                          ; User                 ; -                    ; -                   ;
; DIG_3    ; 136   ; 8        ; 9            ; 24           ; 7            ; no              ; no                     ; no            ; 2         ; no              ; no         ; no            ; no       ; Off          ; 3.3-V LVCMOS ; 2mA              ; Off         ; --                        ; no                         ; no                          ; User                 ; -                    ; -                   ;
; DIG_4    ; 137   ; 8        ; 7            ; 24           ; 0            ; no              ; no                     ; no            ; 2         ; no              ; no         ; no            ; no       ; Off          ; 3.3-V LVCMOS ; 2mA              ; Off         ; --                        ; no                         ; no                          ; User                 ; -                    ; -                   ;
; IR       ; 100   ; 6        ; 34           ; 17           ; 0            ; no              ; no                     ; no            ; 2         ; no              ; no         ; no            ; no       ; Off          ; 3.3-V LVCMOS ; 2mA              ; Off         ; --                        ; no                         ; no                          ; User                 ; -                    ; -                   ;
; LCD10_D6 ; 7     ; 1        ; 0            ; 21           ; 7            ; no              ; no                     ; no            ; 2         ; no              ; no         ; no            ; no       ; Off          ; 3.3-V LVCMOS ; 2mA              ; Off         ; --                        ; no                         ; no                          ; User                 ; -                    ; -                   ;
; LCD11_D7 ; 11    ; 1        ; 0            ; 18           ; 21           ; no              ; no                     ; no            ; 2         ; no              ; no         ; no            ; no       ; Off          ; 3.3-V LVCMOS ; 2mA              ; Off         ; --                        ; no                         ; no                          ; User                 ; -                    ; -                   ;
; LCD1_RS  ; 141   ; 8        ; 5            ; 24           ; 7            ; no              ; no                     ; no            ; 2         ; no              ; no         ; no            ; no       ; Off          ; 3.3-V LVCMOS ; 2mA              ; Off         ; --                        ; no                         ; no                          ; User                 ; -                    ; -                   ;
; LCD2_RW  ; 138   ; 8        ; 7            ; 24           ; 7            ; no              ; no                     ; no            ; 2         ; no              ; no         ; no            ; no       ; Off          ; 3.3-V LVCMOS ; 2mA              ; Off         ; --                        ; no                         ; no                          ; User                 ; -                    ; -                   ;
; LCD3_E   ; 143   ; 8        ; 1            ; 24           ; 0            ; no              ; no                     ; no            ; 2         ; no              ; no         ; no            ; no       ; Off          ; 3.3-V LVCMOS ; 2mA              ; Off         ; --                        ; no                         ; no                          ; User                 ; -                    ; -                   ;
; LCD4_D0  ; 142   ; 8        ; 3            ; 24           ; 21           ; no              ; no                     ; no            ; 2         ; no              ; no         ; no            ; no       ; Off          ; 3.3-V LVCMOS ; 2mA              ; Off         ; --                        ; no                         ; no                          ; User                 ; -                    ; -                   ;
; LCD5_D1  ; 1     ; 1        ; 0            ; 23           ; 0            ; no              ; no                     ; no            ; 2         ; no              ; no         ; no            ; no       ; Off          ; 3.3-V LVCMOS ; 2mA              ; Off         ; --                        ; no                         ; no                          ; User                 ; -                    ; -                   ;
; LCD6_D2  ; 144   ; 8        ; 1            ; 24           ; 7            ; no              ; no                     ; no            ; 2         ; no              ; no         ; no            ; no       ; Off          ; 3.3-V LVCMOS ; 2mA              ; Off         ; --                        ; no                         ; no                          ; User                 ; -                    ; -                   ;
; LCD7_D3  ; 3     ; 1        ; 0            ; 23           ; 14           ; no              ; no                     ; no            ; 2         ; no              ; no         ; no            ; no       ; Off          ; 3.3-V LVCMOS ; 2mA              ; Off         ; --                        ; no                         ; no                          ; User                 ; -                    ; -                   ;
; LCD8_D4  ; 2     ; 1        ; 0            ; 23           ; 7            ; no              ; no                     ; no            ; 2         ; no              ; no         ; no            ; no       ; Off          ; 3.3-V LVCMOS ; 2mA              ; Off         ; --                        ; no                         ; no                          ; User                 ; -                    ; -                   ;
; LCD9_D5  ; 10    ; 1        ; 0            ; 18           ; 14           ; no              ; no                     ; no            ; 2         ; no              ; no         ; no            ; no       ; Off          ; 3.3-V LVCMOS ; 2mA              ; Off         ; --                        ; no                         ; no                          ; User                 ; -                    ; -                   ;
; LED1     ; 84    ; 5        ; 34           ; 9            ; 14           ; no              ; no                     ; no            ; 2         ; no              ; no         ; no            ; no       ; Off          ; 3.3-V LVCMOS ; 2mA              ; Off         ; --                        ; no                         ; no                          ; User                 ; -                    ; -                   ;
; LED2     ; 85    ; 5        ; 34           ; 9            ; 7            ; no              ; no                     ; no            ; 2         ; no              ; no         ; no            ; no       ; Off          ; 3.3-V LVCMOS ; 2mA              ; Off         ; --                        ; no                         ; no                          ; User                 ; -                    ; -                   ;
; LED3     ; 86    ; 5        ; 34           ; 9            ; 0            ; no              ; no                     ; no            ; 2         ; no              ; no         ; no            ; no       ; Off          ; 3.3-V LVCMOS ; 2mA              ; Off         ; --                        ; no                         ; no                          ; User                 ; -                    ; -                   ;
; LED4     ; 87    ; 5        ; 34           ; 10           ; 7            ; no              ; no                     ; no            ; 2         ; no              ; no         ; no            ; no       ; Off          ; 3.3-V LVCMOS ; 2mA              ; Off         ; --                        ; no                         ; no                          ; User                 ; -                    ; -                   ;
; PS_CLOCK ; 119   ; 7        ; 23           ; 24           ; 0            ; no              ; no                     ; no            ; 2         ; no              ; no         ; no            ; no       ; Off          ; 3.3-V LVCMOS ; 2mA              ; Off         ; --                        ; no                         ; no                          ; User                 ; -                    ; -                   ;
; PS_DATA  ; 120   ; 7        ; 23           ; 24           ; 7            ; no              ; no                     ; no            ; 2         ; no              ; no         ; no            ; no       ; Off          ; 3.3-V LVCMOS ; 2mA              ; Off         ; --                        ; no                         ; no                          ; User                 ; -                    ; -                   ;
; SEG_0    ; 128   ; 8        ; 16           ; 24           ; 14           ; no              ; no                     ; no            ; 2         ; no              ; no         ; no            ; no       ; Off          ; 3.3-V LVCMOS ; 2mA              ; Off         ; --                        ; no                         ; no                          ; User                 ; -                    ; -                   ;
; SEG_1    ; 121   ; 7        ; 23           ; 24           ; 14           ; no              ; no                     ; no            ; 2         ; no              ; no         ; no            ; no       ; Off          ; 3.3-V LVCMOS ; 2mA              ; Off         ; --                        ; no                         ; no                          ; User                 ; -                    ; -                   ;
; SEG_2    ; 125   ; 7        ; 18           ; 24           ; 21           ; no              ; no                     ; no            ; 2         ; no              ; no         ; no            ; no       ; Off          ; 3.3-V LVCMOS ; 2mA              ; Off         ; --                        ; no                         ; no                          ; User                 ; -                    ; -                   ;
; SEG_3    ; 129   ; 8        ; 16           ; 24           ; 21           ; no              ; no                     ; no            ; 2         ; no              ; no         ; no            ; no       ; Off          ; 3.3-V LVCMOS ; 2mA              ; Off         ; --                        ; no                         ; no                          ; User                 ; -                    ; -                   ;
; SEG_4    ; 132   ; 8        ; 13           ; 24           ; 14           ; no              ; no                     ; no            ; 2         ; no              ; no         ; no            ; no       ; Off          ; 3.3-V LVCMOS ; 2mA              ; Off         ; --                        ; no                         ; no                          ; User                 ; -                    ; -                   ;
; SEG_5    ; 126   ; 7        ; 16           ; 24           ; 0            ; no              ; no                     ; no            ; 2         ; no              ; no         ; no            ; no       ; Off          ; 3.3-V LVCMOS ; 2mA              ; Off         ; --                        ; no                         ; no                          ; User                 ; -                    ; -                   ;
; SEG_6    ; 124   ; 7        ; 18           ; 24           ; 14           ; no              ; no                     ; no            ; 2         ; no              ; no         ; no            ; no       ; Off          ; 3.3-V LVCMOS ; 2mA              ; Off         ; --                        ; no                         ; no                          ; User                 ; -                    ; -                   ;
; SEG_7    ; 127   ; 7        ; 16           ; 24           ; 7            ; no              ; no                     ; no            ; 2         ; no              ; no         ; no            ; no       ; Off          ; 3.3-V LVCMOS ; 2mA              ; Off         ; --                        ; no                         ; no                          ; User                 ; -                    ; -                   ;
; UART_TXD ; 115   ; 7        ; 28           ; 24           ; 21           ; no              ; no                     ; no            ; 2         ; no              ; no         ; no            ; no       ; Off          ; 3.3-V LVCMOS ; 2mA              ; Off         ; --                        ; no                         ; no                          ; User                 ; -                    ; -                   ;
; beep     ; 110   ; 7        ; 30           ; 24           ; 0            ; no              ; no                     ; no            ; 2         ; no              ; no         ; no            ; no       ; Off          ; 3.3-V LVCMOS ; 2mA              ; Off         ; --                        ; no                         ; no                          ; User                 ; -                    ; -                   ;
+----------+-------+----------+--------------+--------------+--------------+-----------------+------------------------+---------------+-----------+-----------------+------------+---------------+----------+--------------+--------------+------------------+-------------+---------------------------+----------------------------+-----------------------------+----------------------+----------------------+---------------------+


+--------------------------------------------------------------------------------------------------------------------------------------------------------------------------------------------------------------------------------------------------------------------------------------------------------------------------------------------------------------------------------------------------------------------------------------------------------------------+
; Bidir Pins                                                                                                                                                                                                                                                                                                                                                                                                                                                         ;
+---------+-------+----------+--------------+--------------+--------------+-----------------------+--------------------+--------+----------------+-----------------+------------------------+---------------+-----------+-----------------+------------+----------+--------------+--------------+------------------+--------------------+---------------------------+----------------------------+----------------------+----------------------+---------------------+
; Name    ; Pin # ; I/O Bank ; X coordinate ; Y coordinate ; Z coordinate ; Combinational Fan-Out ; Registered Fan-Out ; Global ; Input Register ; Output Register ; Output Enable Register ; Power Up High ; Slew Rate ; PCI I/O Enabled ; Open Drain ; Bus Hold ; Weak Pull Up ; I/O Standard ; Current Strength ; Output Termination ; Termination Control Block ; Output Buffer Pre-emphasis ; Location assigned by ; Output Enable Source ; Output Enable Group ;
+---------+-------+----------+--------------+--------------+--------------+-----------------------+--------------------+--------+----------------+-----------------+------------------------+---------------+-----------+-----------------+------------+----------+--------------+--------------+------------------+--------------------+---------------------------+----------------------------+----------------------+----------------------+---------------------+
; I2C_SCL ; 99    ; 6        ; 34           ; 17           ; 14           ; 0                     ; 0                  ; no     ; no             ; no              ; no                     ; no            ; 2         ; yes             ; yes        ; no       ; Off          ; 3.3-V LVCMOS ; 2mA              ; Off                ; --                        ; no                         ; User                 ; 0 pF                 ; -                   ;
; I2C_SDA ; 98    ; 6        ; 34           ; 17           ; 21           ; 0                     ; 0                  ; no     ; no             ; no              ; no                     ; no            ; 2         ; yes             ; yes        ; no       ; Off          ; 3.3-V LVCMOS ; 2mA              ; Off                ; --                        ; no                         ; User                 ; 0 pF                 ; -                   ;
; SCL     ; 112   ; 7        ; 28           ; 24           ; 0            ; 0                     ; 0                  ; no     ; no             ; no              ; no                     ; no            ; 2         ; yes             ; yes        ; no       ; Off          ; 3.3-V LVCMOS ; 2mA              ; Off                ; --                        ; no                         ; User                 ; 0 pF                 ; -                   ;
; SDA     ; 113   ; 7        ; 28           ; 24           ; 7            ; 0                     ; 0                  ; no     ; no             ; no              ; no                     ; no            ; 2         ; yes             ; yes        ; no       ; Off          ; 3.3-V LVCMOS ; 2mA              ; Off                ; --                        ; no                         ; User                 ; 0 pF                 ; -                   ;
+---------+-------+----------+--------------+--------------+--------------+-----------------------+--------------------+--------+----------------+-----------------+------------------------+---------------+-----------+-----------------+------------+----------+--------------+--------------+------------------+--------------------+---------------------------+----------------------------+----------------------+----------------------+---------------------+


+-------------------------------------------------------------------------------------------------------------------------+
; Dual Purpose and Dedicated Pins                                                                                         ;
+----------+-----------------------------+--------------------------+-------------------------+---------------------------+
; Location ; Pin Name                    ; Reserved As              ; User Signal Name        ; Pin Type                  ;
+----------+-----------------------------+--------------------------+-------------------------+---------------------------+
; 6        ; DIFFIO_L1n, DATA1, ASDO     ; As input tri-stated      ; ~ALTERA_ASDO_DATA1~     ; Dual Purpose Pin          ;
; 8        ; DIFFIO_L2p, FLASH_nCE, nCSO ; As input tri-stated      ; ~ALTERA_FLASH_nCE_nCSO~ ; Dual Purpose Pin          ;
; 9        ; nSTATUS                     ; -                        ; -                       ; Dedicated Programming Pin ;
; 12       ; DCLK                        ; As output driving ground ; ~ALTERA_DCLK~           ; Dual Purpose Pin          ;
; 13       ; DATA0                       ; As input tri-stated      ; ~ALTERA_DATA0~          ; Dual Purpose Pin          ;
; 14       ; nCONFIG                     ; -                        ; -                       ; Dedicated Programming Pin ;
; 21       ; nCE                         ; -                        ; -                       ; Dedicated Programming Pin ;
; 86       ; DIFFIO_R7n, DEV_OE          ; Use as regular IO        ; LED3                    ; Dual Purpose Pin          ;
; 87       ; DIFFIO_R7p, DEV_CLRn        ; Use as regular IO        ; LED4                    ; Dual Purpose Pin          ;
; 92       ; CONF_DONE                   ; -                        ; -                       ; Dedicated Programming Pin ;
; 94       ; MSEL0                       ; -                        ; -                       ; Dedicated Programming Pin ;
; 96       ; MSEL1                       ; -                        ; -                       ; Dedicated Programming Pin ;
; 97       ; MSEL2                       ; -                        ; -                       ; Dedicated Programming Pin ;
; 97       ; MSEL3                       ; -                        ; -                       ; Dedicated Programming Pin ;
; 98       ; DIFFIO_R4n, INIT_DONE       ; Use as regular IO        ; I2C_SDA                 ; Dual Purpose Pin          ;
; 99       ; DIFFIO_R4p, CRC_ERROR       ; Use as regular IO        ; I2C_SCL                 ; Dual Purpose Pin          ;
; 101      ; DIFFIO_R3n, nCEO            ; Use as programming pin   ; ~ALTERA_nCEO~           ; Dual Purpose Pin          ;
; 132      ; DIFFIO_T10n, DATA2          ; Use as regular IO        ; SEG_4                   ; Dual Purpose Pin          ;
; 133      ; DIFFIO_T10p, DATA3          ; Use as regular IO        ; DIG_1                   ; Dual Purpose Pin          ;
; 137      ; DATA5                       ; Use as regular IO        ; DIG_4                   ; Dual Purpose Pin          ;
; 138      ; DATA6                       ; Use as regular IO        ; LCD2_RW                 ; Dual Purpose Pin          ;
+----------+-----------------------------+--------------------------+-------------------------+---------------------------+


+-------------------------------------------------------------+
; I/O Bank Usage                                              ;
+----------+-------------------+---------------+--------------+
; I/O Bank ; Usage             ; VCCIO Voltage ; VREF Voltage ;
+----------+-------------------+---------------+--------------+
; 1        ; 11 / 11 ( 100 % ) ; 3.3V          ; --           ;
; 2        ; 1 / 8 ( 13 % )    ; 3.3V          ; --           ;
; 3        ; 0 / 11 ( 0 % )    ; 2.5V          ; --           ;
; 4        ; 0 / 14 ( 0 % )    ; 2.5V          ; --           ;
; 5        ; 6 / 13 ( 46 % )   ; 3.3V          ; --           ;
; 6        ; 6 / 10 ( 60 % )   ; 3.3V          ; --           ;
; 7        ; 12 / 13 ( 92 % )  ; 3.3V          ; --           ;
; 8        ; 12 / 12 ( 100 % ) ; 3.3V          ; --           ;
+----------+-------------------+---------------+--------------+


+-----------------------------------------------------------------------------------------------------------------------------------------------------------------------------------------+
; All Package Pins                                                                                                                                                                        ;
+----------+------------+----------+-----------------------------------------------------------+--------+--------------+---------+------------+-----------------+----------+--------------+
; Location ; Pad Number ; I/O Bank ; Pin Name/Usage                                            ; Dir.   ; I/O Standard ; Voltage ; I/O Type   ; User Assignment ; Bus Hold ; Weak Pull Up ;
+----------+------------+----------+-----------------------------------------------------------+--------+--------------+---------+------------+-----------------+----------+--------------+
; 1        ; 0          ; 1        ; LCD5_D1                                                   ; output ; 3.3-V LVCMOS ;         ; Row I/O    ; Y               ; no       ; Off          ;
; 2        ; 1          ; 1        ; LCD8_D4                                                   ; output ; 3.3-V LVCMOS ;         ; Row I/O    ; Y               ; no       ; Off          ;
; 3        ; 2          ; 1        ; LCD7_D3                                                   ; output ; 3.3-V LVCMOS ;         ; Row I/O    ; Y               ; no       ; Off          ;
; 4        ;            ;          ; GND                                                       ; gnd    ;              ;         ; --         ;                 ; --       ; --           ;
; 5        ;            ;          ; VCCINT                                                    ; power  ;              ; 1.2V    ; --         ;                 ; --       ; --           ;
; 6        ; 5          ; 1        ; ~ALTERA_ASDO_DATA1~ / RESERVED_INPUT_WITH_WEAK_PULLUP     ; input  ; 3.3-V LVTTL  ;         ; Row I/O    ; N               ; no       ; On           ;
; 7        ; 6          ; 1        ; LCD10_D6                                                  ; output ; 3.3-V LVCMOS ;         ; Row I/O    ; Y               ; no       ; Off          ;
; 8        ; 7          ; 1        ; ~ALTERA_FLASH_nCE_nCSO~ / RESERVED_INPUT_WITH_WEAK_PULLUP ; input  ; 3.3-V LVTTL  ;         ; Row I/O    ; N               ; no       ; On           ;
; 9        ; 9          ; 1        ; ^nSTATUS                                                  ;        ;              ;         ; --         ;                 ; --       ; --           ;
; 10       ; 13         ; 1        ; LCD9_D5                                                   ; output ; 3.3-V LVCMOS ;         ; Row I/O    ; Y               ; no       ; Off          ;
; 11       ; 14         ; 1        ; LCD11_D7                                                  ; output ; 3.3-V LVCMOS ;         ; Row I/O    ; Y               ; no       ; Off          ;
; 12       ; 15         ; 1        ; ~ALTERA_DCLK~                                             ; output ; 3.3-V LVTTL  ;         ; Row I/O    ; N               ; no       ; On           ;
; 13       ; 16         ; 1        ; ~ALTERA_DATA0~ / RESERVED_INPUT_WITH_WEAK_PULLUP          ; input  ; 3.3-V LVTTL  ;         ; Row I/O    ; N               ; no       ; On           ;
; 14       ; 17         ; 1        ; ^nCONFIG                                                  ;        ;              ;         ; --         ;                 ; --       ; --           ;
; 15       ; 18         ; 1        ; #TDI                                                      ; input  ;              ;         ; --         ;                 ; --       ; --           ;
; 16       ; 19         ; 1        ; #TCK                                                      ; input  ;              ;         ; --         ;                 ; --       ; --           ;
; 17       ;            ; 1        ; VCCIO1                                                    ; power  ;              ; 3.3V    ; --         ;                 ; --       ; --           ;
; 18       ; 20         ; 1        ; #TMS                                                      ; input  ;              ;         ; --         ;                 ; --       ; --           ;
; 19       ;            ;          ; GND                                                       ; gnd    ;              ;         ; --         ;                 ; --       ; --           ;
; 20       ; 21         ; 1        ; #TDO                                                      ; output ;              ;         ; --         ;                 ; --       ; --           ;
; 21       ; 22         ; 1        ; ^nCE                                                      ;        ;              ;         ; --         ;                 ; --       ; --           ;
; 22       ;            ;          ; GND                                                       ; gnd    ;              ;         ; --         ;                 ; --       ; --           ;
; 23       ; 24         ; 1        ; FPGA_CLK                                                  ; input  ; 3.3-V LVCMOS ;         ; Row I/O    ; Y               ; no       ; Off          ;
; 24       ; 25         ; 2        ; GND+                                                      ;        ;              ;         ; Row I/O    ;                 ; --       ; --           ;
; 25       ; 26         ; 2        ; RESET_BUT                                                 ; input  ; 3.3-V LVCMOS ;         ; Row I/O    ; Y               ; no       ; Off          ;
; 26       ;            ; 2        ; VCCIO2                                                    ; power  ;              ; 3.3V    ; --         ;                 ; --       ; --           ;
; 27       ;            ;          ; GND                                                       ; gnd    ;              ;         ; --         ;                 ; --       ; --           ;
; 28       ; 31         ; 2        ; RESERVED_INPUT_WITH_WEAK_PULLUP                           ;        ;              ;         ; Row I/O    ;                 ; no       ; On           ;
; 29       ;            ;          ; VCCINT                                                    ; power  ;              ; 1.2V    ; --         ;                 ; --       ; --           ;
; 30       ; 34         ; 2        ; RESERVED_INPUT_WITH_WEAK_PULLUP                           ;        ;              ;         ; Row I/O    ;                 ; no       ; On           ;
; 31       ; 36         ; 2        ; RESERVED_INPUT_WITH_WEAK_PULLUP                           ;        ;              ;         ; Row I/O    ;                 ; --       ; --           ;
; 32       ; 39         ; 2        ; RESERVED_INPUT_WITH_WEAK_PULLUP                           ;        ;              ;         ; Row I/O    ;                 ; no       ; On           ;
; 33       ; 40         ; 2        ; RESERVED_INPUT_WITH_WEAK_PULLUP                           ;        ;              ;         ; Row I/O    ;                 ; no       ; On           ;
; 34       ; 41         ; 2        ; RESERVED_INPUT_WITH_WEAK_PULLUP                           ;        ;              ;         ; Row I/O    ;                 ; no       ; On           ;
; 35       ;            ; --       ; VCCA1                                                     ; power  ;              ; 2.5V    ; --         ;                 ; --       ; --           ;
; 36       ;            ;          ; GNDA1                                                     ; gnd    ;              ;         ; --         ;                 ; --       ; --           ;
; 37       ;            ;          ; VCCD_PLL1                                                 ; power  ;              ; 1.2V    ; --         ;                 ; --       ; --           ;
; 38       ; 45         ; 3        ; RESERVED_INPUT_WITH_WEAK_PULLUP                           ;        ;              ;         ; Column I/O ;                 ; no       ; On           ;
; 39       ; 46         ; 3        ; RESERVED_INPUT_WITH_WEAK_PULLUP                           ;        ;              ;         ; Column I/O ;                 ; no       ; On           ;
; 40       ;            ; 3        ; VCCIO3                                                    ; power  ;              ; 2.5V    ; --         ;                 ; --       ; --           ;
; 41       ;            ;          ; GND                                                       ; gnd    ;              ;         ; --         ;                 ; --       ; --           ;
; 42       ; 52         ; 3        ; RESERVED_INPUT_WITH_WEAK_PULLUP                           ;        ;              ;         ; Column I/O ;                 ; no       ; On           ;
; 43       ; 53         ; 3        ; RESERVED_INPUT_WITH_WEAK_PULLUP                           ;        ;              ;         ; Column I/O ;                 ; no       ; On           ;
; 44       ; 54         ; 3        ; RESERVED_INPUT_WITH_WEAK_PULLUP                           ;        ;              ;         ; Column I/O ;                 ; no       ; On           ;
; 45       ;            ;          ; VCCINT                                                    ; power  ;              ; 1.2V    ; --         ;                 ; --       ; --           ;
; 46       ; 58         ; 3        ; RESERVED_INPUT_WITH_WEAK_PULLUP                           ;        ;              ;         ; Column I/O ;                 ; --       ; --           ;
; 47       ;            ; 3        ; VCCIO3                                                    ; power  ;              ; 2.5V    ; --         ;                 ; --       ; --           ;
; 48       ;            ;          ; GND                                                       ; gnd    ;              ;         ; --         ;                 ; --       ; --           ;
; 49       ; 68         ; 3        ; RESERVED_INPUT_WITH_WEAK_PULLUP                           ;        ;              ;         ; Column I/O ;                 ; no       ; On           ;
; 50       ; 69         ; 3        ; RESERVED_INPUT_WITH_WEAK_PULLUP                           ;        ;              ;         ; Column I/O ;                 ; no       ; On           ;
; 51       ; 70         ; 3        ; RESERVED_INPUT_WITH_WEAK_PULLUP                           ;        ;              ;         ; Column I/O ;                 ; no       ; On           ;
; 52       ; 72         ; 3        ; RESERVED_INPUT_WITH_WEAK_PULLUP                           ;        ;              ;         ; Column I/O ;                 ; no       ; On           ;
; 53       ; 73         ; 3        ; RESERVED_INPUT_WITH_WEAK_PULLUP                           ;        ;              ;         ; Column I/O ;                 ; no       ; On           ;
; 54       ; 74         ; 4        ; RESERVED_INPUT_WITH_WEAK_PULLUP                           ;        ;              ;         ; Column I/O ;                 ; no       ; On           ;
; 55       ; 75         ; 4        ; RESERVED_INPUT_WITH_WEAK_PULLUP                           ;        ;              ;         ; Column I/O ;                 ; no       ; On           ;
; 56       ;            ; 4        ; VCCIO4                                                    ; power  ;              ; 2.5V    ; --         ;                 ; --       ; --           ;
; 57       ;            ;          ; GND                                                       ; gnd    ;              ;         ; --         ;                 ; --       ; --           ;
; 58       ; 80         ; 4        ; RESERVED_INPUT_WITH_WEAK_PULLUP                           ;        ;              ;         ; Column I/O ;                 ; no       ; On           ;
; 59       ; 83         ; 4        ; RESERVED_INPUT_WITH_WEAK_PULLUP                           ;        ;              ;         ; Column I/O ;                 ; no       ; On           ;
; 60       ; 84         ; 4        ; RESERVED_INPUT_WITH_WEAK_PULLUP                           ;        ;              ;         ; Column I/O ;                 ; no       ; On           ;
; 61       ;            ;          ; VCCINT                                                    ; power  ;              ; 1.2V    ; --         ;                 ; --       ; --           ;
; 62       ;            ; 4        ; VCCIO4                                                    ; power  ;              ; 2.5V    ; --         ;                 ; --       ; --           ;
; 63       ;            ;          ; GND                                                       ; gnd    ;              ;         ; --         ;                 ; --       ; --           ;
; 64       ; 89         ; 4        ; RESERVED_INPUT_WITH_WEAK_PULLUP                           ;        ;              ;         ; Column I/O ;                 ; no       ; On           ;
; 65       ; 90         ; 4        ; RESERVED_INPUT_WITH_WEAK_PULLUP                           ;        ;              ;         ; Column I/O ;                 ; --       ; --           ;
; 66       ; 93         ; 4        ; RESERVED_INPUT_WITH_WEAK_PULLUP                           ;        ;              ;         ; Column I/O ;                 ; no       ; On           ;
; 67       ; 94         ; 4        ; RESERVED_INPUT_WITH_WEAK_PULLUP                           ;        ;              ;         ; Column I/O ;                 ; no       ; On           ;
; 68       ; 96         ; 4        ; RESERVED_INPUT_WITH_WEAK_PULLUP                           ;        ;              ;         ; Column I/O ;                 ; no       ; On           ;
; 69       ; 97         ; 4        ; RESERVED_INPUT_WITH_WEAK_PULLUP                           ;        ;              ;         ; Column I/O ;                 ; no       ; On           ;
; 70       ; 98         ; 4        ; RESERVED_INPUT_WITH_WEAK_PULLUP                           ;        ;              ;         ; Column I/O ;                 ; no       ; On           ;
; 71       ; 99         ; 4        ; RESERVED_INPUT_WITH_WEAK_PULLUP                           ;        ;              ;         ; Column I/O ;                 ; no       ; On           ;
; 72       ; 100        ; 4        ; RESERVED_INPUT_WITH_WEAK_PULLUP                           ;        ;              ;         ; Column I/O ;                 ; no       ; On           ;
; 73       ; 102        ; 5        ; RESERVED_INPUT_WITH_WEAK_PULLUP                           ;        ;              ;         ; Row I/O    ;                 ; no       ; On           ;
; 74       ; 103        ; 5        ; RESERVED_INPUT_WITH_WEAK_PULLUP                           ;        ;              ;         ; Row I/O    ;                 ; no       ; On           ;
; 75       ; 104        ; 5        ; RESERVED_INPUT_WITH_WEAK_PULLUP                           ;        ;              ;         ; Row I/O    ;                 ; no       ; On           ;
; 76       ; 106        ; 5        ; RESERVED_INPUT_WITH_WEAK_PULLUP                           ;        ;              ;         ; Row I/O    ;                 ; no       ; On           ;
; 77       ; 107        ; 5        ; RESERVED_INPUT_WITH_WEAK_PULLUP                           ;        ;              ;         ; Row I/O    ;                 ; no       ; On           ;
; 78       ;            ;          ; VCCINT                                                    ; power  ;              ; 1.2V    ; --         ;                 ; --       ; --           ;
; 79       ;            ;          ; GND                                                       ; gnd    ;              ;         ; --         ;                 ; --       ; --           ;
; 80       ; 113        ; 5        ; RESERVED_INPUT_WITH_WEAK_PULLUP                           ;        ;              ;         ; Row I/O    ;                 ; --       ; --           ;
; 81       ;            ; 5        ; VCCIO5                                                    ; power  ;              ; 3.3V    ; --         ;                 ; --       ; --           ;
; 82       ;            ;          ; GND                                                       ; gnd    ;              ;         ; --         ;                 ; --       ; --           ;
; 83       ; 117        ; 5        ; RESERVED_INPUT_WITH_WEAK_PULLUP                           ;        ;              ;         ; Row I/O    ;                 ; no       ; On           ;
; 84       ; 118        ; 5        ; LED1                                                      ; output ; 3.3-V LVCMOS ;         ; Row I/O    ; Y               ; no       ; Off          ;
; 85       ; 119        ; 5        ; LED2                                                      ; output ; 3.3-V LVCMOS ;         ; Row I/O    ; Y               ; no       ; Off          ;
; 86       ; 120        ; 5        ; LED3                                                      ; output ; 3.3-V LVCMOS ;         ; Row I/O    ; Y               ; no       ; Off          ;
; 87       ; 121        ; 5        ; LED4                                                      ; output ; 3.3-V LVCMOS ;         ; Row I/O    ; Y               ; no       ; Off          ;
; 88       ; 125        ; 5        ; KEY1                                                      ; input  ; 3.3-V LVCMOS ;         ; Row I/O    ; Y               ; no       ; Off          ;
; 89       ; 126        ; 5        ; KEY2                                                      ; input  ; 3.3-V LVCMOS ;         ; Row I/O    ; Y               ; no       ; Off          ;
; 90       ; 127        ; 6        ; KEY3                                                      ; input  ; 3.3-V LVCMOS ;         ; Row I/O    ; Y               ; no       ; Off          ;
; 91       ; 128        ; 6        ; KEY4                                                      ; input  ; 3.3-V LVCMOS ;         ; Row I/O    ; Y               ; no       ; Off          ;
; 92       ; 129        ; 6        ; ^CONF_DONE                                                ;        ;              ;         ; --         ;                 ; --       ; --           ;
; 93       ;            ; 6        ; VCCIO6                                                    ; power  ;              ; 3.3V    ; --         ;                 ; --       ; --           ;
; 94       ; 130        ; 6        ; ^MSEL0                                                    ;        ;              ;         ; --         ;                 ; --       ; --           ;
; 95       ;            ;          ; GND                                                       ; gnd    ;              ;         ; --         ;                 ; --       ; --           ;
; 96       ; 131        ; 6        ; ^MSEL1                                                    ;        ;              ;         ; --         ;                 ; --       ; --           ;
; 97       ; 132        ; 6        ; ^MSEL2                                                    ;        ;              ;         ; --         ;                 ; --       ; --           ;
; 97       ; 133        ; 6        ; ^MSEL3                                                    ;        ;              ;         ; --         ;                 ; --       ; --           ;
; 98       ; 136        ; 6        ; I2C_SDA                                                   ; bidir  ; 3.3-V LVCMOS ;         ; Row I/O    ; Y               ; no       ; Off          ;
; 99       ; 137        ; 6        ; I2C_SCL                                                   ; bidir  ; 3.3-V LVCMOS ;         ; Row I/O    ; Y               ; no       ; Off          ;
; 100      ; 138        ; 6        ; IR                                                        ; output ; 3.3-V LVCMOS ;         ; Row I/O    ; Y               ; no       ; Off          ;
; 101      ; 139        ; 6        ; ~ALTERA_nCEO~ / RESERVED_OUTPUT_OPEN_DRAIN                ; output ; 3.3-V LVTTL  ;         ; Row I/O    ; N               ; no       ; Off          ;
; 102      ;            ;          ; VCCINT                                                    ; power  ;              ; 1.2V    ; --         ;                 ; --       ; --           ;
; 103      ; 140        ; 6        ; RESERVED_INPUT_WITH_WEAK_PULLUP                           ;        ;              ;         ; Row I/O    ;                 ; no       ; On           ;
; 104      ; 141        ; 6        ; RESERVED_INPUT_WITH_WEAK_PULLUP                           ;        ;              ;         ; Row I/O    ;                 ; no       ; On           ;
; 105      ; 142        ; 6        ; RESERVED_INPUT_WITH_WEAK_PULLUP                           ;        ;              ;         ; Row I/O    ;                 ; --       ; --           ;
; 106      ; 146        ; 6        ; RESERVED_INPUT_WITH_WEAK_PULLUP                           ;        ;              ;         ; Row I/O    ;                 ; no       ; On           ;
; 107      ;            ; --       ; VCCA2                                                     ; power  ;              ; 2.5V    ; --         ;                 ; --       ; --           ;
; 108      ;            ;          ; GNDA2                                                     ; gnd    ;              ;         ; --         ;                 ; --       ; --           ;
; 109      ;            ;          ; VCCD_PLL2                                                 ; power  ;              ; 1.2V    ; --         ;                 ; --       ; --           ;
; 110      ; 152        ; 7        ; beep                                                      ; output ; 3.3-V LVCMOS ;         ; Column I/O ; Y               ; no       ; Off          ;
; 111      ; 154        ; 7        ; RESERVED_INPUT_WITH_WEAK_PULLUP                           ;        ;              ;         ; Column I/O ;                 ; no       ; On           ;
; 112      ; 155        ; 7        ; SCL                                                       ; bidir  ; 3.3-V LVCMOS ;         ; Column I/O ; Y               ; no       ; Off          ;
; 113      ; 156        ; 7        ; SDA                                                       ; bidir  ; 3.3-V LVCMOS ;         ; Column I/O ; Y               ; no       ; Off          ;
; 114      ; 157        ; 7        ; UART_RXD                                                  ; input  ; 3.3-V LVCMOS ;         ; Column I/O ; Y               ; no       ; Off          ;
; 115      ; 158        ; 7        ; UART_TXD                                                  ; output ; 3.3-V LVCMOS ;         ; Column I/O ; Y               ; no       ; Off          ;
; 116      ;            ;          ; VCCINT                                                    ; power  ;              ; 1.2V    ; --         ;                 ; --       ; --           ;
; 117      ;            ; 7        ; VCCIO7                                                    ; power  ;              ; 3.3V    ; --         ;                 ; --       ; --           ;
; 118      ;            ;          ; GND                                                       ; gnd    ;              ;         ; --         ;                 ; --       ; --           ;
; 119      ; 163        ; 7        ; PS_CLOCK                                                  ; output ; 3.3-V LVCMOS ;         ; Column I/O ; Y               ; no       ; Off          ;
; 120      ; 164        ; 7        ; PS_DATA                                                   ; output ; 3.3-V LVCMOS ;         ; Column I/O ; Y               ; no       ; Off          ;
; 121      ; 165        ; 7        ; SEG_1                                                     ; output ; 3.3-V LVCMOS ;         ; Column I/O ; Y               ; no       ; Off          ;
; 122      ;            ; 7        ; VCCIO7                                                    ; power  ;              ; 3.3V    ; --         ;                 ; --       ; --           ;
; 123      ;            ;          ; GND                                                       ; gnd    ;              ;         ; --         ;                 ; --       ; --           ;
; 124      ; 173        ; 7        ; SEG_6                                                     ; output ; 3.3-V LVCMOS ;         ; Column I/O ; Y               ; no       ; Off          ;
; 125      ; 174        ; 7        ; SEG_2                                                     ; output ; 3.3-V LVCMOS ;         ; Column I/O ; Y               ; no       ; Off          ;
; 126      ; 175        ; 7        ; SEG_5                                                     ; output ; 3.3-V LVCMOS ;         ; Column I/O ; Y               ; no       ; Off          ;
; 127      ; 176        ; 7        ; SEG_7                                                     ; output ; 3.3-V LVCMOS ;         ; Column I/O ; Y               ; no       ; Off          ;
; 128      ; 177        ; 8        ; SEG_0                                                     ; output ; 3.3-V LVCMOS ;         ; Column I/O ; Y               ; no       ; Off          ;
; 129      ; 178        ; 8        ; SEG_3                                                     ; output ; 3.3-V LVCMOS ;         ; Column I/O ; Y               ; no       ; Off          ;
; 130      ;            ; 8        ; VCCIO8                                                    ; power  ;              ; 3.3V    ; --         ;                 ; --       ; --           ;
; 131      ;            ;          ; GND                                                       ; gnd    ;              ;         ; --         ;                 ; --       ; --           ;
; 132      ; 181        ; 8        ; SEG_4                                                     ; output ; 3.3-V LVCMOS ;         ; Column I/O ; Y               ; no       ; Off          ;
; 133      ; 182        ; 8        ; DIG_1                                                     ; output ; 3.3-V LVCMOS ;         ; Column I/O ; Y               ; no       ; Off          ;
; 134      ;            ;          ; VCCINT                                                    ; power  ;              ; 1.2V    ; --         ;                 ; --       ; --           ;
; 135      ; 185        ; 8        ; DIG_2                                                     ; output ; 3.3-V LVCMOS ;         ; Column I/O ; Y               ; no       ; Off          ;
; 136      ; 187        ; 8        ; DIG_3                                                     ; output ; 3.3-V LVCMOS ;         ; Column I/O ; Y               ; no       ; Off          ;
; 137      ; 190        ; 8        ; DIG_4                                                     ; output ; 3.3-V LVCMOS ;         ; Column I/O ; Y               ; no       ; Off          ;
; 138      ; 191        ; 8        ; LCD2_RW                                                   ; output ; 3.3-V LVCMOS ;         ; Column I/O ; Y               ; no       ; Off          ;
; 139      ;            ; 8        ; VCCIO8                                                    ; power  ;              ; 3.3V    ; --         ;                 ; --       ; --           ;
; 140      ;            ;          ; GND                                                       ; gnd    ;              ;         ; --         ;                 ; --       ; --           ;
; 141      ; 195        ; 8        ; LCD1_RS                                                   ; output ; 3.3-V LVCMOS ;         ; Column I/O ; Y               ; no       ; Off          ;
; 142      ; 201        ; 8        ; LCD4_D0                                                   ; output ; 3.3-V LVCMOS ;         ; Column I/O ; Y               ; no       ; Off          ;
; 143      ; 202        ; 8        ; LCD3_E                                                    ; output ; 3.3-V LVCMOS ;         ; Column I/O ; Y               ; no       ; Off          ;
; 144      ; 203        ; 8        ; LCD6_D2                                                   ; output ; 3.3-V LVCMOS ;         ; Column I/O ; Y               ; no       ; Off          ;
; EPAD     ;            ;          ; GND                                                       ;        ;              ;         ; --         ;                 ; --       ; --           ;
+----------+------------+----------+-----------------------------------------------------------+--------+--------------+---------+------------+-----------------+----------+--------------+
Note: Pin directions (input, output or bidir) are based on device operating in user mode.


+-----------------------------------+
; I/O Assignment Warnings           ;
+----------+------------------------+
; Pin Name ; Reason                 ;
+----------+------------------------+
; UART_TXD ; Missing drive strength ;
; LED1     ; Missing drive strength ;
; LED2     ; Missing drive strength ;
; LED3     ; Missing drive strength ;
; LED4     ; Missing drive strength ;
; beep     ; Missing drive strength ;
; PS_CLOCK ; Missing drive strength ;
; PS_DATA  ; Missing drive strength ;
; IR       ; Missing drive strength ;
; DIG_1    ; Missing drive strength ;
; DIG_2    ; Missing drive strength ;
; DIG_3    ; Missing drive strength ;
; DIG_4    ; Missing drive strength ;
; SEG_0    ; Missing drive strength ;
; SEG_1    ; Missing drive strength ;
; SEG_2    ; Missing drive strength ;
; SEG_3    ; Missing drive strength ;
; SEG_4    ; Missing drive strength ;
; SEG_5    ; Missing drive strength ;
; SEG_6    ; Missing drive strength ;
; SEG_7    ; Missing drive strength ;
; LCD1_RS  ; Missing drive strength ;
; LCD2_RW  ; Missing drive strength ;
; LCD3_E   ; Missing drive strength ;
; LCD4_D0  ; Missing drive strength ;
; LCD5_D1  ; Missing drive strength ;
; LCD6_D2  ; Missing drive strength ;
; LCD7_D3  ; Missing drive strength ;
; LCD8_D4  ; Missing drive strength ;
; LCD9_D5  ; Missing drive strength ;
; LCD10_D6 ; Missing drive strength ;
; LCD11_D7 ; Missing drive strength ;
; SCL      ; Missing drive strength ;
; SDA      ; Missing drive strength ;
; I2C_SCL  ; Missing drive strength ;
; I2C_SDA  ; Missing drive strength ;
+----------+------------------------+


+--------------------------------------------------------------------------------------------------------------------------------------------------------------------------------------------------------------------------------------------------------------------------------------------------------------------------------------------------------------------+
; Fitter Resource Utilization by Entity                                                                                                                                                                                                                                                                                                                              ;
+------------------------------------------------+-------------+---------------------------+---------------+-------------+------+--------------+---------+-----------+------+--------------+--------------+-------------------+------------------+-----------------------------------------------------------------------+----------------------------+--------------+
; Compilation Hierarchy Node                     ; Logic Cells ; Dedicated Logic Registers ; I/O Registers ; Memory Bits ; M9Ks ; DSP Elements ; DSP 9x9 ; DSP 18x18 ; Pins ; Virtual Pins ; LUT-Only LCs ; Register-Only LCs ; LUT/Register LCs ; Full Hierarchy Name                                                   ; Entity Name                ; Library Name ;
+------------------------------------------------+-------------+---------------------------+---------------+-------------+------+--------------+---------+-----------+------+--------------+--------------+-------------------+------------------+-----------------------------------------------------------------------+----------------------------+--------------+
; |Omdazz_Cyclon_IV_RZ401_top                    ; 294 (0)     ; 207 (0)                   ; 0 (0)         ; 0           ; 0    ; 0            ; 0       ; 0         ; 43   ; 0            ; 87 (0)       ; 12 (0)            ; 195 (0)          ; |Omdazz_Cyclon_IV_RZ401_top                                           ; Omdazz_Cyclon_IV_RZ401_top ; work         ;
;    |buzzer_ctrl:buzzer_inst|                   ; 56 (56)     ; 24 (24)                   ; 0 (0)         ; 0           ; 0    ; 0            ; 0       ; 0         ; 0    ; 0            ; 32 (32)      ; 0 (0)             ; 24 (24)          ; |Omdazz_Cyclon_IV_RZ401_top|buzzer_ctrl:buzzer_inst                   ; buzzer_ctrl                ; work         ;
;    |count1_4bit_ctrl:count_high_bit_inst|      ; 1 (1)       ; 1 (1)                     ; 0 (0)         ; 0           ; 0    ; 0            ; 0       ; 0         ; 0    ; 0            ; 0 (0)        ; 0 (0)             ; 1 (1)            ; |Omdazz_Cyclon_IV_RZ401_top|count1_4bit_ctrl:count_high_bit_inst      ; count1_4bit_ctrl           ; work         ;
;    |count1_4bit_ctrl:count_low_bit_inst|       ; 8 (8)       ; 5 (5)                     ; 0 (0)         ; 0           ; 0    ; 0            ; 0       ; 0         ; 0    ; 0            ; 3 (3)        ; 1 (1)             ; 4 (4)            ; |Omdazz_Cyclon_IV_RZ401_top|count1_4bit_ctrl:count_low_bit_inst       ; count1_4bit_ctrl           ; work         ;
;    |count_3sec_ctrl:count_3sec|                ; 37 (37)     ; 29 (29)                   ; 0 (0)         ; 0           ; 0    ; 0            ; 0       ; 0         ; 0    ; 0            ; 8 (8)        ; 0 (0)             ; 29 (29)          ; |Omdazz_Cyclon_IV_RZ401_top|count_3sec_ctrl:count_3sec                ; count_3sec_ctrl            ; work         ;
;    |invert_ctrl:invert_high_inst|              ; 1 (1)       ; 1 (1)                     ; 0 (0)         ; 0           ; 0    ; 0            ; 0       ; 0         ; 0    ; 0            ; 0 (0)        ; 0 (0)             ; 1 (1)            ; |Omdazz_Cyclon_IV_RZ401_top|invert_ctrl:invert_high_inst              ; invert_ctrl                ; work         ;
;    |invert_ctrl:invert_low_inst|               ; 4 (4)       ; 0 (0)                     ; 0 (0)         ; 0           ; 0    ; 0            ; 0       ; 0         ; 0    ; 0            ; 4 (4)        ; 0 (0)             ; 0 (0)            ; |Omdazz_Cyclon_IV_RZ401_top|invert_ctrl:invert_low_inst               ; invert_ctrl                ; work         ;
;    |key_ctrl:key_add_inst|                     ; 37 (37)     ; 29 (29)                   ; 0 (0)         ; 0           ; 0    ; 0            ; 0       ; 0         ; 0    ; 0            ; 8 (8)        ; 2 (2)             ; 27 (27)          ; |Omdazz_Cyclon_IV_RZ401_top|key_ctrl:key_add_inst                     ; key_ctrl                   ; work         ;
;    |key_ctrl:key_bzz_inst|                     ; 37 (37)     ; 29 (29)                   ; 0 (0)         ; 0           ; 0    ; 0            ; 0       ; 0         ; 0    ; 0            ; 8 (8)        ; 2 (2)             ; 27 (27)          ; |Omdazz_Cyclon_IV_RZ401_top|key_ctrl:key_bzz_inst                     ; key_ctrl                   ; work         ;
;    |key_ctrl:key_inv_inst|                     ; 36 (36)     ; 28 (28)                   ; 0 (0)         ; 0           ; 0    ; 0            ; 0       ; 0         ; 0    ; 0            ; 8 (8)        ; 2 (2)             ; 26 (26)          ; |Omdazz_Cyclon_IV_RZ401_top|key_ctrl:key_inv_inst                     ; key_ctrl                   ; work         ;
;    |key_ctrl:key_minus_inst|                   ; 37 (37)     ; 29 (29)                   ; 0 (0)         ; 0           ; 0    ; 0            ; 0       ; 0         ; 0    ; 0            ; 8 (8)        ; 2 (2)             ; 27 (27)          ; |Omdazz_Cyclon_IV_RZ401_top|key_ctrl:key_minus_inst                   ; key_ctrl                   ; work         ;
;    |sensivity_key:sensivity_key_inst|          ; 3 (3)       ; 2 (2)                     ; 0 (0)         ; 0           ; 0    ; 0            ; 0       ; 0         ; 0    ; 0            ; 1 (1)        ; 1 (1)             ; 1 (1)            ; |Omdazz_Cyclon_IV_RZ401_top|sensivity_key:sensivity_key_inst          ; sensivity_key              ; work         ;
;    |sevenseg_dynamic_ctrl:sv_seg_dynamic_inst| ; 37 (37)     ; 30 (30)                   ; 0 (0)         ; 0           ; 0    ; 0            ; 0       ; 0         ; 0    ; 0            ; 7 (7)        ; 2 (2)             ; 28 (28)          ; |Omdazz_Cyclon_IV_RZ401_top|sevenseg_dynamic_ctrl:sv_seg_dynamic_inst ; sevenseg_dynamic_ctrl      ; work         ;
+------------------------------------------------+-------------+---------------------------+---------------+-------------+------+--------------+---------+-----------+------+--------------+--------------+-------------------+------------------+-----------------------------------------------------------------------+----------------------------+--------------+
Note: For table entries with two numbers listed, the numbers in parentheses indicate the number of resources of the given type used by the specific entity alone. The numbers listed outside of parentheses indicate the total resources of the given type used by the specific entity and all of its sub-entities in the hierarchy.


+-------------------------------------------------------------------------------------------+
; Delay Chain Summary                                                                       ;
+-----------+----------+---------------+---------------+-----------------------+-----+------+
; Name      ; Pin Type ; Pad to Core 0 ; Pad to Core 1 ; Pad to Input Register ; TCO ; TCOE ;
+-----------+----------+---------------+---------------+-----------------------+-----+------+
; RESET_BUT ; Input    ; --            ; --            ; --                    ; --  ; --   ;
; UART_RXD  ; Input    ; --            ; --            ; --                    ; --  ; --   ;
; UART_TXD  ; Output   ; --            ; --            ; --                    ; --  ; --   ;
; LED1      ; Output   ; --            ; --            ; --                    ; --  ; --   ;
; LED2      ; Output   ; --            ; --            ; --                    ; --  ; --   ;
; LED3      ; Output   ; --            ; --            ; --                    ; --  ; --   ;
; LED4      ; Output   ; --            ; --            ; --                    ; --  ; --   ;
; beep      ; Output   ; --            ; --            ; --                    ; --  ; --   ;
; PS_CLOCK  ; Output   ; --            ; --            ; --                    ; --  ; --   ;
; PS_DATA   ; Output   ; --            ; --            ; --                    ; --  ; --   ;
; IR        ; Output   ; --            ; --            ; --                    ; --  ; --   ;
; DIG_1     ; Output   ; --            ; --            ; --                    ; --  ; --   ;
; DIG_2     ; Output   ; --            ; --            ; --                    ; --  ; --   ;
; DIG_3     ; Output   ; --            ; --            ; --                    ; --  ; --   ;
; DIG_4     ; Output   ; --            ; --            ; --                    ; --  ; --   ;
; SEG_0     ; Output   ; --            ; --            ; --                    ; --  ; --   ;
; SEG_1     ; Output   ; --            ; --            ; --                    ; --  ; --   ;
; SEG_2     ; Output   ; --            ; --            ; --                    ; --  ; --   ;
; SEG_3     ; Output   ; --            ; --            ; --                    ; --  ; --   ;
; SEG_4     ; Output   ; --            ; --            ; --                    ; --  ; --   ;
; SEG_5     ; Output   ; --            ; --            ; --                    ; --  ; --   ;
; SEG_6     ; Output   ; --            ; --            ; --                    ; --  ; --   ;
; SEG_7     ; Output   ; --            ; --            ; --                    ; --  ; --   ;
; LCD1_RS   ; Output   ; --            ; --            ; --                    ; --  ; --   ;
; LCD2_RW   ; Output   ; --            ; --            ; --                    ; --  ; --   ;
; LCD3_E    ; Output   ; --            ; --            ; --                    ; --  ; --   ;
; LCD4_D0   ; Output   ; --            ; --            ; --                    ; --  ; --   ;
; LCD5_D1   ; Output   ; --            ; --            ; --                    ; --  ; --   ;
; LCD6_D2   ; Output   ; --            ; --            ; --                    ; --  ; --   ;
; LCD7_D3   ; Output   ; --            ; --            ; --                    ; --  ; --   ;
; LCD8_D4   ; Output   ; --            ; --            ; --                    ; --  ; --   ;
; LCD9_D5   ; Output   ; --            ; --            ; --                    ; --  ; --   ;
; LCD10_D6  ; Output   ; --            ; --            ; --                    ; --  ; --   ;
; LCD11_D7  ; Output   ; --            ; --            ; --                    ; --  ; --   ;
; SCL       ; Bidir    ; --            ; --            ; --                    ; --  ; --   ;
; SDA       ; Bidir    ; --            ; --            ; --                    ; --  ; --   ;
; I2C_SCL   ; Bidir    ; --            ; --            ; --                    ; --  ; --   ;
; I2C_SDA   ; Bidir    ; --            ; --            ; --                    ; --  ; --   ;
; FPGA_CLK  ; Input    ; (0) 0 ps      ; --            ; --                    ; --  ; --   ;
; KEY1      ; Input    ; (0) 0 ps      ; --            ; --                    ; --  ; --   ;
; KEY4      ; Input    ; (0) 0 ps      ; --            ; --                    ; --  ; --   ;
; KEY2      ; Input    ; (0) 0 ps      ; --            ; --                    ; --  ; --   ;
; KEY3      ; Input    ; (0) 0 ps      ; --            ; --                    ; --  ; --   ;
+-----------+----------+---------------+---------------+-----------------------+-----+------+


+---------------------------------------------------+
; Pad To Core Delay Chain Fanout                    ;
+---------------------+-------------------+---------+
; Source Pin / Fanout ; Pad To Core Index ; Setting ;
+---------------------+-------------------+---------+
; RESET_BUT           ;                   ;         ;
; UART_RXD            ;                   ;         ;
; SCL                 ;                   ;         ;
; SDA                 ;                   ;         ;
; I2C_SCL             ;                   ;         ;
; I2C_SDA             ;                   ;         ;
; FPGA_CLK            ;                   ;         ;
; KEY1                ;                   ;         ;
; KEY4                ;                   ;         ;
; KEY2                ;                   ;         ;
; KEY3                ;                   ;         ;
+---------------------+-------------------+---------+


+------------------------------------------------------------------------------------------------------------------------------------------------------------------------------------+
; Control Signals                                                                                                                                                                    ;
+-------------------------------------------------------+--------------------+---------+--------------+--------+----------------------+------------------+---------------------------+
; Name                                                  ; Location           ; Fan-Out ; Usage        ; Global ; Global Resource Used ; Global Line Name ; Enable Signal Source Name ;
+-------------------------------------------------------+--------------------+---------+--------------+--------+----------------------+------------------+---------------------------+
; FPGA_CLK                                              ; PIN_23             ; 207     ; Clock        ; yes    ; Global Clock         ; GCLK2            ; --                        ;
; buzzer_ctrl:buzzer_inst|LessThan0~31                  ; LCCOMB_X25_Y17_N6  ; 22      ; Sync. clear  ; no     ; --                   ; --               ; --                        ;
; count1_4bit_ctrl:count_low_bit_inst|dout~12           ; LCCOMB_X22_Y16_N6  ; 4       ; Sync. load   ; no     ; --                   ; --               ; --                        ;
; count_3sec_ctrl:count_3sec|cnt3sec[4]~84              ; LCCOMB_X29_Y14_N30 ; 28      ; Clock enable ; no     ; --                   ; --               ; --                        ;
; key_ctrl:key_add_inst|butt[1]                         ; FF_X24_Y14_N7      ; 26      ; Sync. clear  ; no     ; --                   ; --               ; --                        ;
; key_ctrl:key_add_inst|key_cnt[3]~26                   ; LCCOMB_X23_Y14_N30 ; 24      ; Clock enable ; no     ; --                   ; --               ; --                        ;
; key_ctrl:key_bzz_inst|butt[1]                         ; FF_X30_Y16_N29     ; 26      ; Sync. clear  ; no     ; --                   ; --               ; --                        ;
; key_ctrl:key_bzz_inst|key_cnt[0]~26                   ; LCCOMB_X29_Y16_N30 ; 24      ; Clock enable ; no     ; --                   ; --               ; --                        ;
; key_ctrl:key_inv_inst|butt[1]                         ; FF_X33_Y14_N5      ; 26      ; Sync. clear  ; no     ; --                   ; --               ; --                        ;
; key_ctrl:key_inv_inst|f_key_en1                       ; FF_X29_Y14_N21     ; 30      ; Sync. clear  ; no     ; --                   ; --               ; --                        ;
; key_ctrl:key_inv_inst|key_cnt[1]~26                   ; LCCOMB_X32_Y14_N26 ; 24      ; Clock enable ; no     ; --                   ; --               ; --                        ;
; key_ctrl:key_minus_inst|butt[1]                       ; FF_X31_Y13_N5      ; 26      ; Sync. clear  ; no     ; --                   ; --               ; --                        ;
; key_ctrl:key_minus_inst|key_cnt[17]~26                ; LCCOMB_X30_Y13_N26 ; 24      ; Clock enable ; no     ; --                   ; --               ; --                        ;
; sensivity_key:sensivity_key_inst|sens_key             ; FF_X22_Y16_N17     ; 5       ; Clock enable ; no     ; --                   ; --               ; --                        ;
; sevenseg_dynamic_ctrl:sv_seg_dynamic_inst|LessThan0~6 ; LCCOMB_X19_Y15_N30 ; 24      ; Sync. clear  ; no     ; --                   ; --               ; --                        ;
+-------------------------------------------------------+--------------------+---------+--------------+--------+----------------------+------------------+---------------------------+


+--------------------------------------------------------------------------------------------------------------------------------------------+
; Global & Other Fast Signals                                                                                                                ;
+----------+----------+---------+--------------------------------------+----------------------+------------------+---------------------------+
; Name     ; Location ; Fan-Out ; Fan-Out Using Intentional Clock Skew ; Global Resource Used ; Global Line Name ; Enable Signal Source Name ;
+----------+----------+---------+--------------------------------------+----------------------+------------------+---------------------------+
; FPGA_CLK ; PIN_23   ; 207     ; 22                                   ; Global Clock         ; GCLK2            ; --                        ;
+----------+----------+---------+--------------------------------------+----------------------+------------------+---------------------------+


+------------------------------------------------+
; Routing Usage Summary                          ;
+-----------------------+------------------------+
; Routing Resource Type ; Usage                  ;
+-----------------------+------------------------+
; Block interconnects   ; 167 / 32,401 ( < 1 % ) ;
; C16 interconnects     ; 2 / 1,326 ( < 1 % )    ;
; C4 interconnects      ; 85 / 21,816 ( < 1 % )  ;
; Direct links          ; 64 / 32,401 ( < 1 % )  ;
; Global clocks         ; 1 / 10 ( 10 % )        ;
; Local interconnects   ; 227 / 10,320 ( 2 % )   ;
; R24 interconnects     ; 5 / 1,289 ( < 1 % )    ;
; R4 interconnects      ; 51 / 28,186 ( < 1 % )  ;
+-----------------------+------------------------+


+----------------------------------------------------------------------------+
; LAB Logic Elements                                                         ;
+---------------------------------------------+------------------------------+
; Number of Logic Elements  (Average = 10.14) ; Number of LABs  (Total = 29) ;
+---------------------------------------------+------------------------------+
; 1                                           ; 4                            ;
; 2                                           ; 2                            ;
; 3                                           ; 0                            ;
; 4                                           ; 4                            ;
; 5                                           ; 0                            ;
; 6                                           ; 1                            ;
; 7                                           ; 1                            ;
; 8                                           ; 0                            ;
; 9                                           ; 0                            ;
; 10                                          ; 0                            ;
; 11                                          ; 0                            ;
; 12                                          ; 3                            ;
; 13                                          ; 0                            ;
; 14                                          ; 0                            ;
; 15                                          ; 3                            ;
; 16                                          ; 11                           ;
+---------------------------------------------+------------------------------+


+-------------------------------------------------------------------+
; LAB-wide Signals                                                  ;
+------------------------------------+------------------------------+
; LAB-wide Signals  (Average = 1.45) ; Number of LABs  (Total = 29) ;
+------------------------------------+------------------------------+
; 1 Clock                            ; 26                           ;
; 1 Clock enable                     ; 7                            ;
; 1 Sync. clear                      ; 8                            ;
; 1 Sync. load                       ; 1                            ;
+------------------------------------+------------------------------+


+-----------------------------------------------------------------------------+
; LAB Signals Sourced                                                         ;
+----------------------------------------------+------------------------------+
; Number of Signals Sourced  (Average = 16.76) ; Number of LABs  (Total = 29) ;
+----------------------------------------------+------------------------------+
; 0                                            ; 0                            ;
; 1                                            ; 1                            ;
; 2                                            ; 4                            ;
; 3                                            ; 1                            ;
; 4                                            ; 1                            ;
; 5                                            ; 0                            ;
; 6                                            ; 1                            ;
; 7                                            ; 4                            ;
; 8                                            ; 1                            ;
; 9                                            ; 0                            ;
; 10                                           ; 0                            ;
; 11                                           ; 0                            ;
; 12                                           ; 0                            ;
; 13                                           ; 0                            ;
; 14                                           ; 0                            ;
; 15                                           ; 0                            ;
; 16                                           ; 0                            ;
; 17                                           ; 0                            ;
; 18                                           ; 0                            ;
; 19                                           ; 0                            ;
; 20                                           ; 1                            ;
; 21                                           ; 1                            ;
; 22                                           ; 0                            ;
; 23                                           ; 2                            ;
; 24                                           ; 0                            ;
; 25                                           ; 0                            ;
; 26                                           ; 0                            ;
; 27                                           ; 3                            ;
; 28                                           ; 4                            ;
; 29                                           ; 3                            ;
; 30                                           ; 1                            ;
; 31                                           ; 1                            ;
+----------------------------------------------+------------------------------+


+--------------------------------------------------------------------------------+
; LAB Signals Sourced Out                                                        ;
+-------------------------------------------------+------------------------------+
; Number of Signals Sourced Out  (Average = 4.41) ; Number of LABs  (Total = 29) ;
+-------------------------------------------------+------------------------------+
; 0                                               ; 0                            ;
; 1                                               ; 7                            ;
; 2                                               ; 4                            ;
; 3                                               ; 6                            ;
; 4                                               ; 0                            ;
; 5                                               ; 2                            ;
; 6                                               ; 1                            ;
; 7                                               ; 4                            ;
; 8                                               ; 3                            ;
; 9                                               ; 0                            ;
; 10                                              ; 0                            ;
; 11                                              ; 0                            ;
; 12                                              ; 1                            ;
; 13                                              ; 0                            ;
; 14                                              ; 0                            ;
; 15                                              ; 1                            ;
+-------------------------------------------------+------------------------------+


+----------------------------------------------------------------------------+
; LAB Distinct Inputs                                                        ;
+---------------------------------------------+------------------------------+
; Number of Distinct Inputs  (Average = 6.00) ; Number of LABs  (Total = 29) ;
+---------------------------------------------+------------------------------+
; 0                                           ; 0                            ;
; 1                                           ; 2                            ;
; 2                                           ; 2                            ;
; 3                                           ; 6                            ;
; 4                                           ; 6                            ;
; 5                                           ; 2                            ;
; 6                                           ; 2                            ;
; 7                                           ; 2                            ;
; 8                                           ; 2                            ;
; 9                                           ; 3                            ;
; 10                                          ; 0                            ;
; 11                                          ; 0                            ;
; 12                                          ; 0                            ;
; 13                                          ; 0                            ;
; 14                                          ; 1                            ;
; 15                                          ; 0                            ;
; 16                                          ; 0                            ;
; 17                                          ; 0                            ;
; 18                                          ; 0                            ;
; 19                                          ; 0                            ;
; 20                                          ; 0                            ;
; 21                                          ; 0                            ;
; 22                                          ; 0                            ;
; 23                                          ; 0                            ;
; 24                                          ; 0                            ;
; 25                                          ; 0                            ;
; 26                                          ; 0                            ;
; 27                                          ; 0                            ;
; 28                                          ; 0                            ;
; 29                                          ; 0                            ;
; 30                                          ; 0                            ;
; 31                                          ; 0                            ;
; 32                                          ; 0                            ;
; 33                                          ; 1                            ;
+---------------------------------------------+------------------------------+


+------------------------------------------+
; I/O Rules Summary                        ;
+----------------------------------+-------+
; I/O Rules Statistic              ; Total ;
+----------------------------------+-------+
; Total I/O Rules                  ; 30    ;
; Number of I/O Rules Passed       ; 10    ;
; Number of I/O Rules Failed       ; 0     ;
; Number of I/O Rules Unchecked    ; 0     ;
; Number of I/O Rules Inapplicable ; 20    ;
+----------------------------------+-------+


+--------------------------------------------------------------------------------------------------------------------------------------------------------------------------------------------------------------------------------------------------------------------------------------+
; I/O Rules Details                                                                                                                                                                                                                                                                    ;
+--------------+-----------+-----------------------------------+------------------------------------------------------------------------------------------------------+----------+--------------------------------------------------------------------------+------+-------------------+
; Status       ; ID        ; Category                          ; Rule Description                                                                                     ; Severity ; Information                                                              ; Area ; Extra Information ;
+--------------+-----------+-----------------------------------+------------------------------------------------------------------------------------------------------+----------+--------------------------------------------------------------------------+------+-------------------+
; Pass         ; IO_000001 ; Capacity Checks                   ; Number of pins in an I/O bank should not exceed the number of locations available.                   ; Critical ; 0 such failures found.                                                   ; I/O  ;                   ;
; Inapplicable ; IO_000002 ; Capacity Checks                   ; Number of clocks in an I/O bank should not exceed the number of clocks available.                    ; Critical ; No Global Signal assignments found.                                      ; I/O  ;                   ;
; Pass         ; IO_000003 ; Capacity Checks                   ; Number of pins in a Vrefgroup should not exceed the number of locations available.                   ; Critical ; 0 such failures found.                                                   ; I/O  ;                   ;
; Inapplicable ; IO_000004 ; Voltage Compatibility Checks      ; The I/O bank should support the requested VCCIO.                                                     ; Critical ; No IOBANK_VCCIO assignments found.                                       ; I/O  ;                   ;
; Inapplicable ; IO_000005 ; Voltage Compatibility Checks      ; The I/O bank should not have competing VREF values.                                                  ; Critical ; No VREF I/O Standard assignments found.                                  ; I/O  ;                   ;
; Pass         ; IO_000006 ; Voltage Compatibility Checks      ; The I/O bank should not have competing VCCIO values.                                                 ; Critical ; 0 such failures found.                                                   ; I/O  ;                   ;
; Pass         ; IO_000007 ; Valid Location Checks             ; Checks for unavailable locations.                                                                    ; Critical ; 0 such failures found.                                                   ; I/O  ;                   ;
; Inapplicable ; IO_000008 ; Valid Location Checks             ; Checks for reserved locations.                                                                       ; Critical ; No reserved LogicLock region found.                                      ; I/O  ;                   ;
; Pass         ; IO_000009 ; I/O Properties Checks for One I/O ; The location should support the requested I/O standard.                                              ; Critical ; 0 such failures found.                                                   ; I/O  ;                   ;
; Pass         ; IO_000010 ; I/O Properties Checks for One I/O ; The location should support the requested I/O direction.                                             ; Critical ; 0 such failures found.                                                   ; I/O  ;                   ;
; Inapplicable ; IO_000011 ; I/O Properties Checks for One I/O ; The location should support the requested Current Strength.                                          ; Critical ; No Current Strength assignments found.                                   ; I/O  ;                   ;
; Inapplicable ; IO_000012 ; I/O Properties Checks for One I/O ; The location should support the requested On Chip Termination value.                                 ; Critical ; No Termination assignments found.                                        ; I/O  ;                   ;
; Inapplicable ; IO_000013 ; I/O Properties Checks for One I/O ; The location should support the requested Bus Hold value.                                            ; Critical ; No Enable Bus-Hold Circuitry assignments found.                          ; I/O  ;                   ;
; Inapplicable ; IO_000014 ; I/O Properties Checks for One I/O ; The location should support the requested Weak Pull Up value.                                        ; Critical ; No Weak Pull-Up Resistor assignments found.                              ; I/O  ;                   ;
; Pass         ; IO_000015 ; I/O Properties Checks for One I/O ; The location should support the requested PCI Clamp Diode.                                           ; Critical ; 0 such failures found.                                                   ; I/O  ;                   ;
; Inapplicable ; IO_000018 ; I/O Properties Checks for One I/O ; The I/O standard should support the requested Current Strength.                                      ; Critical ; No Current Strength assignments found.                                   ; I/O  ;                   ;
; Inapplicable ; IO_000019 ; I/O Properties Checks for One I/O ; The I/O standard should support the requested On Chip Termination value.                             ; Critical ; No Termination assignments found.                                        ; I/O  ;                   ;
; Pass         ; IO_000020 ; I/O Properties Checks for One I/O ; The I/O standard should support the requested PCI Clamp Diode.                                       ; Critical ; 0 such failures found.                                                   ; I/O  ;                   ;
; Inapplicable ; IO_000021 ; I/O Properties Checks for One I/O ; The I/O standard should support the requested Weak Pull Up value.                                    ; Critical ; No Weak Pull-Up Resistor assignments found.                              ; I/O  ;                   ;
; Inapplicable ; IO_000022 ; I/O Properties Checks for One I/O ; The I/O standard should support the requested Bus Hold value.                                        ; Critical ; No Enable Bus-Hold Circuitry assignments found.                          ; I/O  ;                   ;
; Pass         ; IO_000023 ; I/O Properties Checks for One I/O ; The I/O standard should support the Open Drain value.                                                ; Critical ; 0 such failures found.                                                   ; I/O  ;                   ;
; Inapplicable ; IO_000024 ; I/O Properties Checks for One I/O ; The I/O direction should support the On Chip Termination value.                                      ; Critical ; No Termination assignments found.                                        ; I/O  ;                   ;
; Inapplicable ; IO_000026 ; I/O Properties Checks for One I/O ; On Chip Termination and Current Strength should not be used at the same time.                        ; Critical ; No Current Strength or Termination assignments found.                    ; I/O  ;                   ;
; Inapplicable ; IO_000027 ; I/O Properties Checks for One I/O ; Weak Pull Up and Bus Hold should not be used at the same time.                                       ; Critical ; No Enable Bus-Hold Circuitry or Weak Pull-Up Resistor assignments found. ; I/O  ;                   ;
; Inapplicable ; IO_000045 ; I/O Properties Checks for One I/O ; The I/O standard should support the requested Slew Rate value.                                       ; Critical ; No Slew Rate assignments found.                                          ; I/O  ;                   ;
; Inapplicable ; IO_000046 ; I/O Properties Checks for One I/O ; The location should support the requested Slew Rate value.                                           ; Critical ; No Slew Rate assignments found.                                          ; I/O  ;                   ;
; Inapplicable ; IO_000047 ; I/O Properties Checks for One I/O ; On Chip Termination and Slew Rate should not be used at the same time.                               ; Critical ; No Slew Rate assignments found.                                          ; I/O  ;                   ;
; Pass         ; IO_000033 ; Electromigration Checks           ; Current density for consecutive I/Os should not exceed 240mA for row I/Os and 240mA for column I/Os. ; Critical ; 0 such failures found.                                                   ; I/O  ;                   ;
; Inapplicable ; IO_000034 ; SI Related Distance Checks        ; Single-ended outputs should be 5 LAB row(s) away from a differential I/O.                            ; High     ; No Differential I/O Standard assignments found.                          ; I/O  ;                   ;
; Inapplicable ; IO_000042 ; SI Related SSO Limit Checks       ; No more than 20 outputs are allowed in a VREF group when VREF is being read from.                    ; High     ; No VREF I/O Standard assignments found.                                  ; I/O  ;                   ;
+--------------+-----------+-----------------------------------+------------------------------------------------------------------------------------------------------+----------+--------------------------------------------------------------------------+------+-------------------+


+-----------------------------------------------------------------------------------------------------------------------------------------------------------------------------------------------------------------------------------------------------------------------------------------------------------------------------------------------------------------------------------------------------------------------------------------------------------------+
; I/O Rules Matrix                                                                                                                                                                                                                                                                                                                                                                                                                                                ;
+--------------------+-----------+--------------+-----------+--------------+--------------+-----------+-----------+--------------+-----------+-----------+--------------+--------------+--------------+--------------+--------------+--------------+--------------+--------------+--------------+--------------+--------------+--------------+--------------+--------------+--------------+--------------+--------------+-----------+--------------+--------------+
; Pin/Rules          ; IO_000001 ; IO_000002    ; IO_000003 ; IO_000004    ; IO_000005    ; IO_000006 ; IO_000007 ; IO_000008    ; IO_000009 ; IO_000010 ; IO_000011    ; IO_000012    ; IO_000013    ; IO_000014    ; IO_000015    ; IO_000018    ; IO_000019    ; IO_000020    ; IO_000021    ; IO_000022    ; IO_000023    ; IO_000024    ; IO_000026    ; IO_000027    ; IO_000045    ; IO_000046    ; IO_000047    ; IO_000033 ; IO_000034    ; IO_000042    ;
+--------------------+-----------+--------------+-----------+--------------+--------------+-----------+-----------+--------------+-----------+-----------+--------------+--------------+--------------+--------------+--------------+--------------+--------------+--------------+--------------+--------------+--------------+--------------+--------------+--------------+--------------+--------------+--------------+-----------+--------------+--------------+
; Total Pass         ; 43        ; 0            ; 43        ; 0            ; 0            ; 43        ; 43        ; 0            ; 43        ; 43        ; 0            ; 0            ; 0            ; 0            ; 11           ; 0            ; 0            ; 11           ; 0            ; 0            ; 4            ; 0            ; 0            ; 0            ; 0            ; 0            ; 0            ; 43        ; 0            ; 0            ;
; Total Unchecked    ; 0         ; 0            ; 0         ; 0            ; 0            ; 0         ; 0         ; 0            ; 0         ; 0         ; 0            ; 0            ; 0            ; 0            ; 0            ; 0            ; 0            ; 0            ; 0            ; 0            ; 0            ; 0            ; 0            ; 0            ; 0            ; 0            ; 0            ; 0         ; 0            ; 0            ;
; Total Inapplicable ; 0         ; 43           ; 0         ; 43           ; 43           ; 0         ; 0         ; 43           ; 0         ; 0         ; 43           ; 43           ; 43           ; 43           ; 32           ; 43           ; 43           ; 32           ; 43           ; 43           ; 39           ; 43           ; 43           ; 43           ; 43           ; 43           ; 43           ; 0         ; 43           ; 43           ;
; Total Fail         ; 0         ; 0            ; 0         ; 0            ; 0            ; 0         ; 0         ; 0            ; 0         ; 0         ; 0            ; 0            ; 0            ; 0            ; 0            ; 0            ; 0            ; 0            ; 0            ; 0            ; 0            ; 0            ; 0            ; 0            ; 0            ; 0            ; 0            ; 0         ; 0            ; 0            ;
; RESET_BUT          ; Pass      ; Inapplicable ; Pass      ; Inapplicable ; Inapplicable ; Pass      ; Pass      ; Inapplicable ; Pass      ; Pass      ; Inapplicable ; Inapplicable ; Inapplicable ; Inapplicable ; Pass         ; Inapplicable ; Inapplicable ; Pass         ; Inapplicable ; Inapplicable ; Inapplicable ; Inapplicable ; Inapplicable ; Inapplicable ; Inapplicable ; Inapplicable ; Inapplicable ; Pass      ; Inapplicable ; Inapplicable ;
; UART_RXD           ; Pass      ; Inapplicable ; Pass      ; Inapplicable ; Inapplicable ; Pass      ; Pass      ; Inapplicable ; Pass      ; Pass      ; Inapplicable ; Inapplicable ; Inapplicable ; Inapplicable ; Pass         ; Inapplicable ; Inapplicable ; Pass         ; Inapplicable ; Inapplicable ; Inapplicable ; Inapplicable ; Inapplicable ; Inapplicable ; Inapplicable ; Inapplicable ; Inapplicable ; Pass      ; Inapplicable ; Inapplicable ;
; UART_TXD           ; Pass      ; Inapplicable ; Pass      ; Inapplicable ; Inapplicable ; Pass      ; Pass      ; Inapplicable ; Pass      ; Pass      ; Inapplicable ; Inapplicable ; Inapplicable ; Inapplicable ; Inapplicable ; Inapplicable ; Inapplicable ; Inapplicable ; Inapplicable ; Inapplicable ; Inapplicable ; Inapplicable ; Inapplicable ; Inapplicable ; Inapplicable ; Inapplicable ; Inapplicable ; Pass      ; Inapplicable ; Inapplicable ;
; LED1               ; Pass      ; Inapplicable ; Pass      ; Inapplicable ; Inapplicable ; Pass      ; Pass      ; Inapplicable ; Pass      ; Pass      ; Inapplicable ; Inapplicable ; Inapplicable ; Inapplicable ; Inapplicable ; Inapplicable ; Inapplicable ; Inapplicable ; Inapplicable ; Inapplicable ; Inapplicable ; Inapplicable ; Inapplicable ; Inapplicable ; Inapplicable ; Inapplicable ; Inapplicable ; Pass      ; Inapplicable ; Inapplicable ;
; LED2               ; Pass      ; Inapplicable ; Pass      ; Inapplicable ; Inapplicable ; Pass      ; Pass      ; Inapplicable ; Pass      ; Pass      ; Inapplicable ; Inapplicable ; Inapplicable ; Inapplicable ; Inapplicable ; Inapplicable ; Inapplicable ; Inapplicable ; Inapplicable ; Inapplicable ; Inapplicable ; Inapplicable ; Inapplicable ; Inapplicable ; Inapplicable ; Inapplicable ; Inapplicable ; Pass      ; Inapplicable ; Inapplicable ;
; LED3               ; Pass      ; Inapplicable ; Pass      ; Inapplicable ; Inapplicable ; Pass      ; Pass      ; Inapplicable ; Pass      ; Pass      ; Inapplicable ; Inapplicable ; Inapplicable ; Inapplicable ; Inapplicable ; Inapplicable ; Inapplicable ; Inapplicable ; Inapplicable ; Inapplicable ; Inapplicable ; Inapplicable ; Inapplicable ; Inapplicable ; Inapplicable ; Inapplicable ; Inapplicable ; Pass      ; Inapplicable ; Inapplicable ;
; LED4               ; Pass      ; Inapplicable ; Pass      ; Inapplicable ; Inapplicable ; Pass      ; Pass      ; Inapplicable ; Pass      ; Pass      ; Inapplicable ; Inapplicable ; Inapplicable ; Inapplicable ; Inapplicable ; Inapplicable ; Inapplicable ; Inapplicable ; Inapplicable ; Inapplicable ; Inapplicable ; Inapplicable ; Inapplicable ; Inapplicable ; Inapplicable ; Inapplicable ; Inapplicable ; Pass      ; Inapplicable ; Inapplicable ;
; beep               ; Pass      ; Inapplicable ; Pass      ; Inapplicable ; Inapplicable ; Pass      ; Pass      ; Inapplicable ; Pass      ; Pass      ; Inapplicable ; Inapplicable ; Inapplicable ; Inapplicable ; Inapplicable ; Inapplicable ; Inapplicable ; Inapplicable ; Inapplicable ; Inapplicable ; Inapplicable ; Inapplicable ; Inapplicable ; Inapplicable ; Inapplicable ; Inapplicable ; Inapplicable ; Pass      ; Inapplicable ; Inapplicable ;
; PS_CLOCK           ; Pass      ; Inapplicable ; Pass      ; Inapplicable ; Inapplicable ; Pass      ; Pass      ; Inapplicable ; Pass      ; Pass      ; Inapplicable ; Inapplicable ; Inapplicable ; Inapplicable ; Inapplicable ; Inapplicable ; Inapplicable ; Inapplicable ; Inapplicable ; Inapplicable ; Inapplicable ; Inapplicable ; Inapplicable ; Inapplicable ; Inapplicable ; Inapplicable ; Inapplicable ; Pass      ; Inapplicable ; Inapplicable ;
; PS_DATA            ; Pass      ; Inapplicable ; Pass      ; Inapplicable ; Inapplicable ; Pass      ; Pass      ; Inapplicable ; Pass      ; Pass      ; Inapplicable ; Inapplicable ; Inapplicable ; Inapplicable ; Inapplicable ; Inapplicable ; Inapplicable ; Inapplicable ; Inapplicable ; Inapplicable ; Inapplicable ; Inapplicable ; Inapplicable ; Inapplicable ; Inapplicable ; Inapplicable ; Inapplicable ; Pass      ; Inapplicable ; Inapplicable ;
; IR                 ; Pass      ; Inapplicable ; Pass      ; Inapplicable ; Inapplicable ; Pass      ; Pass      ; Inapplicable ; Pass      ; Pass      ; Inapplicable ; Inapplicable ; Inapplicable ; Inapplicable ; Inapplicable ; Inapplicable ; Inapplicable ; Inapplicable ; Inapplicable ; Inapplicable ; Inapplicable ; Inapplicable ; Inapplicable ; Inapplicable ; Inapplicable ; Inapplicable ; Inapplicable ; Pass      ; Inapplicable ; Inapplicable ;
; DIG_1              ; Pass      ; Inapplicable ; Pass      ; Inapplicable ; Inapplicable ; Pass      ; Pass      ; Inapplicable ; Pass      ; Pass      ; Inapplicable ; Inapplicable ; Inapplicable ; Inapplicable ; Inapplicable ; Inapplicable ; Inapplicable ; Inapplicable ; Inapplicable ; Inapplicable ; Inapplicable ; Inapplicable ; Inapplicable ; Inapplicable ; Inapplicable ; Inapplicable ; Inapplicable ; Pass      ; Inapplicable ; Inapplicable ;
; DIG_2              ; Pass      ; Inapplicable ; Pass      ; Inapplicable ; Inapplicable ; Pass      ; Pass      ; Inapplicable ; Pass      ; Pass      ; Inapplicable ; Inapplicable ; Inapplicable ; Inapplicable ; Inapplicable ; Inapplicable ; Inapplicable ; Inapplicable ; Inapplicable ; Inapplicable ; Inapplicable ; Inapplicable ; Inapplicable ; Inapplicable ; Inapplicable ; Inapplicable ; Inapplicable ; Pass      ; Inapplicable ; Inapplicable ;
; DIG_3              ; Pass      ; Inapplicable ; Pass      ; Inapplicable ; Inapplicable ; Pass      ; Pass      ; Inapplicable ; Pass      ; Pass      ; Inapplicable ; Inapplicable ; Inapplicable ; Inapplicable ; Inapplicable ; Inapplicable ; Inapplicable ; Inapplicable ; Inapplicable ; Inapplicable ; Inapplicable ; Inapplicable ; Inapplicable ; Inapplicable ; Inapplicable ; Inapplicable ; Inapplicable ; Pass      ; Inapplicable ; Inapplicable ;
; DIG_4              ; Pass      ; Inapplicable ; Pass      ; Inapplicable ; Inapplicable ; Pass      ; Pass      ; Inapplicable ; Pass      ; Pass      ; Inapplicable ; Inapplicable ; Inapplicable ; Inapplicable ; Inapplicable ; Inapplicable ; Inapplicable ; Inapplicable ; Inapplicable ; Inapplicable ; Inapplicable ; Inapplicable ; Inapplicable ; Inapplicable ; Inapplicable ; Inapplicable ; Inapplicable ; Pass      ; Inapplicable ; Inapplicable ;
; SEG_0              ; Pass      ; Inapplicable ; Pass      ; Inapplicable ; Inapplicable ; Pass      ; Pass      ; Inapplicable ; Pass      ; Pass      ; Inapplicable ; Inapplicable ; Inapplicable ; Inapplicable ; Inapplicable ; Inapplicable ; Inapplicable ; Inapplicable ; Inapplicable ; Inapplicable ; Inapplicable ; Inapplicable ; Inapplicable ; Inapplicable ; Inapplicable ; Inapplicable ; Inapplicable ; Pass      ; Inapplicable ; Inapplicable ;
; SEG_1              ; Pass      ; Inapplicable ; Pass      ; Inapplicable ; Inapplicable ; Pass      ; Pass      ; Inapplicable ; Pass      ; Pass      ; Inapplicable ; Inapplicable ; Inapplicable ; Inapplicable ; Inapplicable ; Inapplicable ; Inapplicable ; Inapplicable ; Inapplicable ; Inapplicable ; Inapplicable ; Inapplicable ; Inapplicable ; Inapplicable ; Inapplicable ; Inapplicable ; Inapplicable ; Pass      ; Inapplicable ; Inapplicable ;
; SEG_2              ; Pass      ; Inapplicable ; Pass      ; Inapplicable ; Inapplicable ; Pass      ; Pass      ; Inapplicable ; Pass      ; Pass      ; Inapplicable ; Inapplicable ; Inapplicable ; Inapplicable ; Inapplicable ; Inapplicable ; Inapplicable ; Inapplicable ; Inapplicable ; Inapplicable ; Inapplicable ; Inapplicable ; Inapplicable ; Inapplicable ; Inapplicable ; Inapplicable ; Inapplicable ; Pass      ; Inapplicable ; Inapplicable ;
; SEG_3              ; Pass      ; Inapplicable ; Pass      ; Inapplicable ; Inapplicable ; Pass      ; Pass      ; Inapplicable ; Pass      ; Pass      ; Inapplicable ; Inapplicable ; Inapplicable ; Inapplicable ; Inapplicable ; Inapplicable ; Inapplicable ; Inapplicable ; Inapplicable ; Inapplicable ; Inapplicable ; Inapplicable ; Inapplicable ; Inapplicable ; Inapplicable ; Inapplicable ; Inapplicable ; Pass      ; Inapplicable ; Inapplicable ;
; SEG_4              ; Pass      ; Inapplicable ; Pass      ; Inapplicable ; Inapplicable ; Pass      ; Pass      ; Inapplicable ; Pass      ; Pass      ; Inapplicable ; Inapplicable ; Inapplicable ; Inapplicable ; Inapplicable ; Inapplicable ; Inapplicable ; Inapplicable ; Inapplicable ; Inapplicable ; Inapplicable ; Inapplicable ; Inapplicable ; Inapplicable ; Inapplicable ; Inapplicable ; Inapplicable ; Pass      ; Inapplicable ; Inapplicable ;
; SEG_5              ; Pass      ; Inapplicable ; Pass      ; Inapplicable ; Inapplicable ; Pass      ; Pass      ; Inapplicable ; Pass      ; Pass      ; Inapplicable ; Inapplicable ; Inapplicable ; Inapplicable ; Inapplicable ; Inapplicable ; Inapplicable ; Inapplicable ; Inapplicable ; Inapplicable ; Inapplicable ; Inapplicable ; Inapplicable ; Inapplicable ; Inapplicable ; Inapplicable ; Inapplicable ; Pass      ; Inapplicable ; Inapplicable ;
; SEG_6              ; Pass      ; Inapplicable ; Pass      ; Inapplicable ; Inapplicable ; Pass      ; Pass      ; Inapplicable ; Pass      ; Pass      ; Inapplicable ; Inapplicable ; Inapplicable ; Inapplicable ; Inapplicable ; Inapplicable ; Inapplicable ; Inapplicable ; Inapplicable ; Inapplicable ; Inapplicable ; Inapplicable ; Inapplicable ; Inapplicable ; Inapplicable ; Inapplicable ; Inapplicable ; Pass      ; Inapplicable ; Inapplicable ;
; SEG_7              ; Pass      ; Inapplicable ; Pass      ; Inapplicable ; Inapplicable ; Pass      ; Pass      ; Inapplicable ; Pass      ; Pass      ; Inapplicable ; Inapplicable ; Inapplicable ; Inapplicable ; Inapplicable ; Inapplicable ; Inapplicable ; Inapplicable ; Inapplicable ; Inapplicable ; Inapplicable ; Inapplicable ; Inapplicable ; Inapplicable ; Inapplicable ; Inapplicable ; Inapplicable ; Pass      ; Inapplicable ; Inapplicable ;
; LCD1_RS            ; Pass      ; Inapplicable ; Pass      ; Inapplicable ; Inapplicable ; Pass      ; Pass      ; Inapplicable ; Pass      ; Pass      ; Inapplicable ; Inapplicable ; Inapplicable ; Inapplicable ; Inapplicable ; Inapplicable ; Inapplicable ; Inapplicable ; Inapplicable ; Inapplicable ; Inapplicable ; Inapplicable ; Inapplicable ; Inapplicable ; Inapplicable ; Inapplicable ; Inapplicable ; Pass      ; Inapplicable ; Inapplicable ;
; LCD2_RW            ; Pass      ; Inapplicable ; Pass      ; Inapplicable ; Inapplicable ; Pass      ; Pass      ; Inapplicable ; Pass      ; Pass      ; Inapplicable ; Inapplicable ; Inapplicable ; Inapplicable ; Inapplicable ; Inapplicable ; Inapplicable ; Inapplicable ; Inapplicable ; Inapplicable ; Inapplicable ; Inapplicable ; Inapplicable ; Inapplicable ; Inapplicable ; Inapplicable ; Inapplicable ; Pass      ; Inapplicable ; Inapplicable ;
; LCD3_E             ; Pass      ; Inapplicable ; Pass      ; Inapplicable ; Inapplicable ; Pass      ; Pass      ; Inapplicable ; Pass      ; Pass      ; Inapplicable ; Inapplicable ; Inapplicable ; Inapplicable ; Inapplicable ; Inapplicable ; Inapplicable ; Inapplicable ; Inapplicable ; Inapplicable ; Inapplicable ; Inapplicable ; Inapplicable ; Inapplicable ; Inapplicable ; Inapplicable ; Inapplicable ; Pass      ; Inapplicable ; Inapplicable ;
; LCD4_D0            ; Pass      ; Inapplicable ; Pass      ; Inapplicable ; Inapplicable ; Pass      ; Pass      ; Inapplicable ; Pass      ; Pass      ; Inapplicable ; Inapplicable ; Inapplicable ; Inapplicable ; Inapplicable ; Inapplicable ; Inapplicable ; Inapplicable ; Inapplicable ; Inapplicable ; Inapplicable ; Inapplicable ; Inapplicable ; Inapplicable ; Inapplicable ; Inapplicable ; Inapplicable ; Pass      ; Inapplicable ; Inapplicable ;
; LCD5_D1            ; Pass      ; Inapplicable ; Pass      ; Inapplicable ; Inapplicable ; Pass      ; Pass      ; Inapplicable ; Pass      ; Pass      ; Inapplicable ; Inapplicable ; Inapplicable ; Inapplicable ; Inapplicable ; Inapplicable ; Inapplicable ; Inapplicable ; Inapplicable ; Inapplicable ; Inapplicable ; Inapplicable ; Inapplicable ; Inapplicable ; Inapplicable ; Inapplicable ; Inapplicable ; Pass      ; Inapplicable ; Inapplicable ;
; LCD6_D2            ; Pass      ; Inapplicable ; Pass      ; Inapplicable ; Inapplicable ; Pass      ; Pass      ; Inapplicable ; Pass      ; Pass      ; Inapplicable ; Inapplicable ; Inapplicable ; Inapplicable ; Inapplicable ; Inapplicable ; Inapplicable ; Inapplicable ; Inapplicable ; Inapplicable ; Inapplicable ; Inapplicable ; Inapplicable ; Inapplicable ; Inapplicable ; Inapplicable ; Inapplicable ; Pass      ; Inapplicable ; Inapplicable ;
; LCD7_D3            ; Pass      ; Inapplicable ; Pass      ; Inapplicable ; Inapplicable ; Pass      ; Pass      ; Inapplicable ; Pass      ; Pass      ; Inapplicable ; Inapplicable ; Inapplicable ; Inapplicable ; Inapplicable ; Inapplicable ; Inapplicable ; Inapplicable ; Inapplicable ; Inapplicable ; Inapplicable ; Inapplicable ; Inapplicable ; Inapplicable ; Inapplicable ; Inapplicable ; Inapplicable ; Pass      ; Inapplicable ; Inapplicable ;
; LCD8_D4            ; Pass      ; Inapplicable ; Pass      ; Inapplicable ; Inapplicable ; Pass      ; Pass      ; Inapplicable ; Pass      ; Pass      ; Inapplicable ; Inapplicable ; Inapplicable ; Inapplicable ; Inapplicable ; Inapplicable ; Inapplicable ; Inapplicable ; Inapplicable ; Inapplicable ; Inapplicable ; Inapplicable ; Inapplicable ; Inapplicable ; Inapplicable ; Inapplicable ; Inapplicable ; Pass      ; Inapplicable ; Inapplicable ;
; LCD9_D5            ; Pass      ; Inapplicable ; Pass      ; Inapplicable ; Inapplicable ; Pass      ; Pass      ; Inapplicable ; Pass      ; Pass      ; Inapplicable ; Inapplicable ; Inapplicable ; Inapplicable ; Inapplicable ; Inapplicable ; Inapplicable ; Inapplicable ; Inapplicable ; Inapplicable ; Inapplicable ; Inapplicable ; Inapplicable ; Inapplicable ; Inapplicable ; Inapplicable ; Inapplicable ; Pass      ; Inapplicable ; Inapplicable ;
; LCD10_D6           ; Pass      ; Inapplicable ; Pass      ; Inapplicable ; Inapplicable ; Pass      ; Pass      ; Inapplicable ; Pass      ; Pass      ; Inapplicable ; Inapplicable ; Inapplicable ; Inapplicable ; Inapplicable ; Inapplicable ; Inapplicable ; Inapplicable ; Inapplicable ; Inapplicable ; Inapplicable ; Inapplicable ; Inapplicable ; Inapplicable ; Inapplicable ; Inapplicable ; Inapplicable ; Pass      ; Inapplicable ; Inapplicable ;
; LCD11_D7           ; Pass      ; Inapplicable ; Pass      ; Inapplicable ; Inapplicable ; Pass      ; Pass      ; Inapplicable ; Pass      ; Pass      ; Inapplicable ; Inapplicable ; Inapplicable ; Inapplicable ; Inapplicable ; Inapplicable ; Inapplicable ; Inapplicable ; Inapplicable ; Inapplicable ; Inapplicable ; Inapplicable ; Inapplicable ; Inapplicable ; Inapplicable ; Inapplicable ; Inapplicable ; Pass      ; Inapplicable ; Inapplicable ;
; SCL                ; Pass      ; Inapplicable ; Pass      ; Inapplicable ; Inapplicable ; Pass      ; Pass      ; Inapplicable ; Pass      ; Pass      ; Inapplicable ; Inapplicable ; Inapplicable ; Inapplicable ; Pass         ; Inapplicable ; Inapplicable ; Pass         ; Inapplicable ; Inapplicable ; Pass         ; Inapplicable ; Inapplicable ; Inapplicable ; Inapplicable ; Inapplicable ; Inapplicable ; Pass      ; Inapplicable ; Inapplicable ;
; SDA                ; Pass      ; Inapplicable ; Pass      ; Inapplicable ; Inapplicable ; Pass      ; Pass      ; Inapplicable ; Pass      ; Pass      ; Inapplicable ; Inapplicable ; Inapplicable ; Inapplicable ; Pass         ; Inapplicable ; Inapplicable ; Pass         ; Inapplicable ; Inapplicable ; Pass         ; Inapplicable ; Inapplicable ; Inapplicable ; Inapplicable ; Inapplicable ; Inapplicable ; Pass      ; Inapplicable ; Inapplicable ;
; I2C_SCL            ; Pass      ; Inapplicable ; Pass      ; Inapplicable ; Inapplicable ; Pass      ; Pass      ; Inapplicable ; Pass      ; Pass      ; Inapplicable ; Inapplicable ; Inapplicable ; Inapplicable ; Pass         ; Inapplicable ; Inapplicable ; Pass         ; Inapplicable ; Inapplicable ; Pass         ; Inapplicable ; Inapplicable ; Inapplicable ; Inapplicable ; Inapplicable ; Inapplicable ; Pass      ; Inapplicable ; Inapplicable ;
; I2C_SDA            ; Pass      ; Inapplicable ; Pass      ; Inapplicable ; Inapplicable ; Pass      ; Pass      ; Inapplicable ; Pass      ; Pass      ; Inapplicable ; Inapplicable ; Inapplicable ; Inapplicable ; Pass         ; Inapplicable ; Inapplicable ; Pass         ; Inapplicable ; Inapplicable ; Pass         ; Inapplicable ; Inapplicable ; Inapplicable ; Inapplicable ; Inapplicable ; Inapplicable ; Pass      ; Inapplicable ; Inapplicable ;
; FPGA_CLK           ; Pass      ; Inapplicable ; Pass      ; Inapplicable ; Inapplicable ; Pass      ; Pass      ; Inapplicable ; Pass      ; Pass      ; Inapplicable ; Inapplicable ; Inapplicable ; Inapplicable ; Pass         ; Inapplicable ; Inapplicable ; Pass         ; Inapplicable ; Inapplicable ; Inapplicable ; Inapplicable ; Inapplicable ; Inapplicable ; Inapplicable ; Inapplicable ; Inapplicable ; Pass      ; Inapplicable ; Inapplicable ;
; KEY1               ; Pass      ; Inapplicable ; Pass      ; Inapplicable ; Inapplicable ; Pass      ; Pass      ; Inapplicable ; Pass      ; Pass      ; Inapplicable ; Inapplicable ; Inapplicable ; Inapplicable ; Pass         ; Inapplicable ; Inapplicable ; Pass         ; Inapplicable ; Inapplicable ; Inapplicable ; Inapplicable ; Inapplicable ; Inapplicable ; Inapplicable ; Inapplicable ; Inapplicable ; Pass      ; Inapplicable ; Inapplicable ;
; KEY4               ; Pass      ; Inapplicable ; Pass      ; Inapplicable ; Inapplicable ; Pass      ; Pass      ; Inapplicable ; Pass      ; Pass      ; Inapplicable ; Inapplicable ; Inapplicable ; Inapplicable ; Pass         ; Inapplicable ; Inapplicable ; Pass         ; Inapplicable ; Inapplicable ; Inapplicable ; Inapplicable ; Inapplicable ; Inapplicable ; Inapplicable ; Inapplicable ; Inapplicable ; Pass      ; Inapplicable ; Inapplicable ;
; KEY2               ; Pass      ; Inapplicable ; Pass      ; Inapplicable ; Inapplicable ; Pass      ; Pass      ; Inapplicable ; Pass      ; Pass      ; Inapplicable ; Inapplicable ; Inapplicable ; Inapplicable ; Pass         ; Inapplicable ; Inapplicable ; Pass         ; Inapplicable ; Inapplicable ; Inapplicable ; Inapplicable ; Inapplicable ; Inapplicable ; Inapplicable ; Inapplicable ; Inapplicable ; Pass      ; Inapplicable ; Inapplicable ;
; KEY3               ; Pass      ; Inapplicable ; Pass      ; Inapplicable ; Inapplicable ; Pass      ; Pass      ; Inapplicable ; Pass      ; Pass      ; Inapplicable ; Inapplicable ; Inapplicable ; Inapplicable ; Pass         ; Inapplicable ; Inapplicable ; Pass         ; Inapplicable ; Inapplicable ; Inapplicable ; Inapplicable ; Inapplicable ; Inapplicable ; Inapplicable ; Inapplicable ; Inapplicable ; Pass      ; Inapplicable ; Inapplicable ;
+--------------------+-----------+--------------+-----------+--------------+--------------+-----------+-----------+--------------+-----------+-----------+--------------+--------------+--------------+--------------+--------------+--------------+--------------+--------------+--------------+--------------+--------------+--------------+--------------+--------------+--------------+--------------+--------------+-----------+--------------+--------------+


+---------------------------------------------------------------------------------------------+
; Fitter Device Options                                                                       ;
+------------------------------------------------------------------+--------------------------+
; Option                                                           ; Setting                  ;
+------------------------------------------------------------------+--------------------------+
; Enable user-supplied start-up clock (CLKUSR)                     ; Off                      ;
; Enable device-wide reset (DEV_CLRn)                              ; Off                      ;
; Enable device-wide output enable (DEV_OE)                        ; Off                      ;
; Enable INIT_DONE output                                          ; Off                      ;
; Configuration scheme                                             ; Active Serial            ;
; Error detection CRC                                              ; Off                      ;
; Enable open drain on CRC_ERROR pin                               ; Off                      ;
; Enable input tri-state on active configuration pins in user mode ; Off                      ;
; Configuration Voltage Level                                      ; Auto                     ;
; Force Configuration Voltage Level                                ; Off                      ;
; nCEO                                                             ; As output driving ground ;
; Data[0]                                                          ; As input tri-stated      ;
; Data[1]/ASDO                                                     ; As input tri-stated      ;
; Data[7..2]                                                       ; Unreserved               ;
; FLASH_nCE/nCSO                                                   ; As input tri-stated      ;
; Other Active Parallel pins                                       ; Unreserved               ;
; DCLK                                                             ; As output driving ground ;
+------------------------------------------------------------------+--------------------------+


+------------------------------------+
; Operating Settings and Conditions  ;
+---------------------------+--------+
; Setting                   ; Value  ;
+---------------------------+--------+
; Nominal Core Voltage      ; 1.20 V ;
; Low Junction Temperature  ; 0 °C   ;
; High Junction Temperature ; 85 °C  ;
+---------------------------+--------+


+-----------------+
; Fitter Messages ;
+-----------------+
Warning (18236): Number of processors has not been specified which may cause overloading on shared machines.  Set the global assignment NUM_PARALLEL_PROCESSORS in your QSF to an appropriate value for best performance.
Info (20030): Parallel compilation is enabled and will use 16 of the 16 processors detected
Info (119006): Selected device EP4CE10E22C8 for design "Omdazz_Cyclon_IV_RZ401_top"
Info (21077): Low junction temperature is 0 degrees C
Info (21077): High junction temperature is 85 degrees C
Info (171003): Fitter is performing an Auto Fit compilation, which may decrease Fitter effort to reduce compilation time
Info (176444): Device migration not selected. If you intend to use device migration later, you may need to change the pin assignments as they may be incompatible with other devices
    Info (176445): Device EP4CE6E22C8 is compatible
    Info (176445): Device EP4CE15E22C8 is compatible
    Info (176445): Device EP4CE22E22C8 is compatible
Info (169124): Fitter converted 5 user pins into dedicated programming pins
    Info (169125): Pin ~ALTERA_ASDO_DATA1~ is reserved at location 6
    Info (169125): Pin ~ALTERA_FLASH_nCE_nCSO~ is reserved at location 8
    Info (169125): Pin ~ALTERA_DCLK~ is reserved at location 12
    Info (169125): Pin ~ALTERA_DATA0~ is reserved at location 13
    Info (169125): Pin ~ALTERA_nCEO~ is reserved at location 101
Warning (15714): Some pins have incomplete I/O assignments. Refer to the I/O Assignment Warnings report for details
Critical Warning (332012): Synopsys Design Constraints File file not found: 'Omdazz_Cyclon_IV_RZ401_top.sdc'. A Synopsys Design Constraints File is required by the Timing Analyzer to get proper timing constraints. Without it, the Compiler will not properly optimize the design.
Info (332144): No user constrained base clocks found in the design
Info (332143): No user constrained clock uncertainty found in the design. Calling "derive_clock_uncertainty"
Info (332154): The derive_clock_uncertainty command did not apply clock uncertainty to any clock-to-clock transfers.
Info (332130): Timing requirements not specified -- quality metrics such as performance may be sacrificed to reduce compilation time.
Info (176353): Automatically promoted node FPGA_CLK~input (placed in PIN 23 (CLK1, DIFFCLK_0n)) File: F:/Git/Wersall/classroom/Wersall_Lione/Project_4/Omdazz_Cyclon_IV_RZ401_top.v Line: 12
    Info (176355): Automatically promoted destinations to use location or clock signal Global Clock CLKCTRL_G2
Info (176233): Starting register packing
Info (176235): Finished register packing
    Extra Info (176219): No registers were packed into other blocks
Info (171121): Fitter preparation operations ending: elapsed time is 00:00:01
Info (14896): Fitter has disabled Advanced Physical Optimization because it is not supported for the current family.
Info (170189): Fitter placement preparation operations beginning
Info (170190): Fitter placement preparation operations ending: elapsed time is 00:00:00
Info (170191): Fitter placement operations beginning
Info (170137): Fitter placement was successful
Info (170192): Fitter placement operations ending: elapsed time is 00:00:01
Info (170193): Fitter routing operations beginning
Info (170195): Router estimated average interconnect usage is 0% of the available device resources
    Info (170196): Router estimated peak interconnect usage is 0% of the available device resources in the region that extends from location X23_Y12 to location X34_Y24
Info (170199): The Fitter performed an Auto Fit compilation.  Optimizations were skipped to reduce compilation time.
    Info (170201): Optimizations that may affect the design's routability were skipped
Info (170194): Fitter routing operations ending: elapsed time is 00:00:00
Info (11888): Total time spent on timing analysis during the Fitter is 0.25 seconds.
Info (334003): Started post-fitting delay annotation
Info (334004): Delay annotation completed successfully
Info (334003): Started post-fitting delay annotation
Info (334004): Delay annotation completed successfully
Info (11218): Fitter post-fit operations ending: elapsed time is 00:00:00
Warning (171167): Found invalid Fitter assignments. See the Ignored Assignments panel in the Fitter Compilation Report for more information.
Warning (169177): 11 pins must meet Intel FPGA requirements for 3.3-, 3.0-, and 2.5-V interfaces. For more information, refer to AN 447: Interfacing Cyclone IV E Devices with 3.3/3.0/2.5-V LVTTL/LVCMOS I/O Systems.
    Info (169178): Pin RESET_BUT uses I/O standard 3.3-V LVCMOS at 25 File: F:/Git/Wersall/classroom/Wersall_Lione/Project_4/Omdazz_Cyclon_IV_RZ401_top.v Line: 11
    Info (169178): Pin UART_RXD uses I/O standard 3.3-V LVCMOS at 114 File: F:/Git/Wersall/classroom/Wersall_Lione/Project_4/Omdazz_Cyclon_IV_RZ401_top.v Line: 13
    Info (169178): Pin SCL uses I/O standard 3.3-V LVCMOS at 112 File: F:/Git/Wersall/classroom/Wersall_Lione/Project_4/Omdazz_Cyclon_IV_RZ401_top.v Line: 15
    Info (169178): Pin SDA uses I/O standard 3.3-V LVCMOS at 113 File: F:/Git/Wersall/classroom/Wersall_Lione/Project_4/Omdazz_Cyclon_IV_RZ401_top.v Line: 16
    Info (169178): Pin I2C_SCL uses I/O standard 3.3-V LVCMOS at 99 File: F:/Git/Wersall/classroom/Wersall_Lione/Project_4/Omdazz_Cyclon_IV_RZ401_top.v Line: 21
    Info (169178): Pin I2C_SDA uses I/O standard 3.3-V LVCMOS at 98 File: F:/Git/Wersall/classroom/Wersall_Lione/Project_4/Omdazz_Cyclon_IV_RZ401_top.v Line: 22
    Info (169178): Pin FPGA_CLK uses I/O standard 3.3-V LVCMOS at 23 File: F:/Git/Wersall/classroom/Wersall_Lione/Project_4/Omdazz_Cyclon_IV_RZ401_top.v Line: 12
    Info (169178): Pin KEY1 uses I/O standard 3.3-V LVCMOS at 88 File: F:/Git/Wersall/classroom/Wersall_Lione/Project_4/Omdazz_Cyclon_IV_RZ401_top.v Line: 7
    Info (169178): Pin KEY4 uses I/O standard 3.3-V LVCMOS at 91 File: F:/Git/Wersall/classroom/Wersall_Lione/Project_4/Omdazz_Cyclon_IV_RZ401_top.v Line: 10
    Info (169178): Pin KEY2 uses I/O standard 3.3-V LVCMOS at 89 File: F:/Git/Wersall/classroom/Wersall_Lione/Project_4/Omdazz_Cyclon_IV_RZ401_top.v Line: 8
    Info (169178): Pin KEY3 uses I/O standard 3.3-V LVCMOS at 90 File: F:/Git/Wersall/classroom/Wersall_Lione/Project_4/Omdazz_Cyclon_IV_RZ401_top.v Line: 9
Warning (169064): Following 4 pins have no output enable or a GND or VCC output enable - later changes to this connectivity may change fitting results
    Info (169065): Pin SCL has a permanently disabled output enable File: F:/Git/Wersall/classroom/Wersall_Lione/Project_4/Omdazz_Cyclon_IV_RZ401_top.v Line: 15
    Info (169065): Pin SDA has a permanently disabled output enable File: F:/Git/Wersall/classroom/Wersall_Lione/Project_4/Omdazz_Cyclon_IV_RZ401_top.v Line: 16
    Info (169065): Pin I2C_SCL has a permanently disabled output enable File: F:/Git/Wersall/classroom/Wersall_Lione/Project_4/Omdazz_Cyclon_IV_RZ401_top.v Line: 21
    Info (169065): Pin I2C_SDA has a permanently disabled output enable File: F:/Git/Wersall/classroom/Wersall_Lione/Project_4/Omdazz_Cyclon_IV_RZ401_top.v Line: 22
Info (144001): Generated suppressed messages file F:/Git/Wersall/classroom/Wersall_Lione/Project_4/output_files/Omdazz_Cyclon_IV_RZ401_top.fit.smsg
Info: Quartus Prime Fitter was successful. 0 errors, 6 warnings
    Info: Peak virtual memory: 6548 megabytes
    Info: Processing ended: Wed Feb 26 22:00:06 2025
    Info: Elapsed time: 00:00:04
    Info: Total CPU time (on all processors): 00:00:06


+----------------------------+
; Fitter Suppressed Messages ;
+----------------------------+
The suppressed messages can be found in F:/Git/Wersall/classroom/Wersall_Lione/Project_4/output_files/Omdazz_Cyclon_IV_RZ401_top.fit.smsg.


